0x08000000	arm	func_08000000
0x080000C0	arm	func_080000C0
0x08000240	thumb	func_08000240
0x08000248	thumb	func_08000248
0x08000250	thumb	func_08000250
0x08000258	thumb	func_08000258
0x080002D4	thumb	func_080002D4
0x08000300	thumb	func_08000300
0x0800044C	thumb	func_0800044C
0x080004DC	thumb	func_080004DC
0x08000660	thumb	func_08000660
0x08000714	thumb	func_08000714
0x080007A8	thumb	func_080007A8
0x080007B8	thumb	func_080007B8
0x080007D4	thumb	func_080007D4
0x08000800	thumb	func_08000800
0x08000860	thumb	func_08000860
0x08000884	thumb	func_08000884
0x080008A8	thumb	func_080008A8
0x08000918	thumb	func_08000918
0x08000928	thumb	func_08000928
0x08000938	thumb	func_08000938
0x080009C4	thumb	func_080009C4
0x080009D4	thumb	func_080009D4
0x080009E4	thumb	func_080009E4
0x08000AD8	thumb	func_08000AD8
0x08000AE4	thumb	func_08000AE4
0x08000B08	thumb	func_08000B08
0x08000B24	thumb	func_08000B24
0x08000B48	thumb	func_08000B48
0x08000B6C	thumb	func_08000B6C
0x08000BA4	thumb	func_08000BA4
0x08000BB0	thumb	func_08000BB0
0x08000BC8	thumb	func_08000BC8
0x08000BF4	thumb	func_08000BF4
0x08000C24	thumb	func_08000C24
0x08000C54	thumb	func_08000C54
0x08000C8C	thumb	func_08000C8C
0x08000CB0	thumb	func_08000CB0
0x08000CD4	thumb	func_08000CD4
0x08000CF0	thumb	func_08000CF0
0x08000D0C	thumb	func_08000D0C
0x08000D20	thumb	func_08000D20
0x08000D28	thumb	func_08000D28
0x08000D90	thumb	func_08000D90
0x08000DBC	thumb	func_08000DBC
0x08000DE8	thumb	func_08000DE8
0x08000E14	thumb	func_08000E14
0x08000E64	thumb	func_08000E64
0x08000EA4	thumb	func_08000EA4
0x08000EE0	thumb	func_08000EE0
0x08000F0C	thumb	func_08000F0C
0x08000F48	thumb	func_08000F48
0x08000F60	thumb	func_08000F60
0x08000F84	thumb	func_08000F84
0x08000F8C	thumb	func_08000F8C
0x08001058	thumb	func_08001058
0x08001080	thumb	func_08001080
0x080010B4	thumb	func_080010B4
0x080010CC	thumb	func_080010CC
0x080010E0	thumb	func_080010E0
0x08001248	thumb	func_08001248
0x08001384	thumb	func_08001384
0x08001390	thumb	func_08001390
0x0800139C	thumb	func_0800139C
0x08001470	thumb	func_08001470
0x08001534	thumb	func_08001534
0x080015F8	thumb	func_080015F8
0x08001D60	thumb	func_08001D60
0x08001DB0	thumb	func_08001DB0
0x08001E64	thumb	func_08001E64
0x08001EF8	thumb	func_08001EF8
0x08001F20	thumb	func_08001F20
0x08001F5C	thumb	func_08001F5C
0x08001F98	thumb	func_08001F98
0x08002060	thumb	func_08002060
0x0800216C	thumb	func_0800216C
0x080022D4	thumb	func_080022D4
0x080023E0	thumb	func_080023E0
0x08002488	thumb	func_08002488
0x080026A4	thumb	func_080026A4
0x0800284C	thumb	func_0800284C
0x08002880	thumb	func_08002880
0x080028A0	thumb	func_080028A0
0x080028C0	thumb	func_080028C0
0x080028F8	thumb	func_080028F8
0x08002A10	thumb	func_08002A10
0x08002A14	thumb	func_08002A14
0x08002BAC	thumb	func_08002BAC
0x08002BCC	thumb	func_08002BCC
0x08002C10	thumb	func_08002C10
0x08002C28	thumb	func_08002C28
0x08002CB4	thumb	func_08002CB4
0x08002F50	thumb	func_08002F50
0x080034D8	thumb	func_080034D8
0x080034EC	thumb	func_080034EC
0x08003524	thumb	func_08003524
0x08003598	thumb	func_08003598
0x080035CC	thumb	func_080035CC
0x0800380C	thumb	func_0800380C
0x0800388C	thumb	func_0800388C
0x080038C8	thumb	func_080038C8
0x080038E4	thumb	func_080038E4
0x08003970	thumb	func_08003970
0x08003A70	thumb	func_08003A70
0x08003A98	thumb	func_08003A98
0x08003B24	thumb	func_08003B24
0x08003C9C	thumb	func_08003C9C
0x08003CD4	thumb	func_08003CD4
0x08003E2C	thumb	func_08003E2C
0x08004034	thumb	func_08004034
0x08004314	thumb	func_08004314
0x08004364	thumb	func_08004364
0x080043B4	thumb	func_080043B4
0x0800443C	thumb	func_0800443C
0x0800448C	thumb	func_0800448C
0x08004B8C	thumb	func_08004B8C
0x08004BD8	thumb	func_08004BD8
0x08004C20	thumb	func_08004C20
0x08004D74	thumb	func_08004D74
0x08004DB0	thumb	func_08004DB0
0x08004E64	thumb	func_08004E64
0x08004F08	thumb	func_08004F08
0x08004FC8	thumb	func_08004FC8
0x0800501C	thumb	func_0800501C
0x08005074	thumb	func_08005074
0x080050B8	thumb	func_080050B8
0x080050DC	thumb	func_080050DC
0x0800510C	thumb	func_0800510C
0x08005130	thumb	func_08005130
0x0800514C	thumb	func_0800514C
0x0800516C	thumb	func_0800516C
0x080051C4	thumb	func_080051C4
0x08005244	thumb	func_08005244
0x08005490	thumb	func_08005490
0x080054C8	thumb	func_080054C8
0x080054EC	thumb	func_080054EC
0x08005550	thumb	func_08005550
0x0800558C	thumb	func_0800558C
0x080055C8	thumb	func_080055C8
0x080055EC	thumb	func_080055EC
0x08005610	thumb	func_08005610
0x08005654	thumb	func_08005654
0x08005690	thumb	func_08005690
0x08005778	thumb	func_08005778
0x080057A0	thumb	func_080057A0
0x08005810	thumb	func_08005810
0x08005824	thumb	func_08005824
0x0800585C	thumb	func_0800585C
0x0800589C	thumb	func_0800589C
0x080058FC	thumb	func_080058FC
0x08005920	thumb	func_08005920
0x0800592C	thumb	func_0800592C
0x08005968	thumb	func_08005968
0x08005974	thumb	func_08005974
0x080059A4	thumb	func_080059A4
0x08005A00	thumb	func_08005A00
0x08005A64	thumb	func_08005A64
0x08005AC4	thumb	func_08005AC4
0x08005AFC	thumb	func_08005AFC
0x08005B1C	thumb	func_08005B1C
0x08005B30	thumb	func_08005B30
0x08005B34	thumb	func_08005B34
0x08005B38	thumb	func_08005B38
0x08005B44	thumb	func_08005B44
0x08005B64	thumb	func_08005B64
0x08005B78	thumb	func_08005B78
0x08005BC4	thumb	func_08005BC4
0x08005BE8	thumb	func_08005BE8
0x08005C60	thumb	func_08005C60
0x08006120	thumb	func_08006120
0x08006184	thumb	func_08006184
0x080061E8	thumb	func_080061E8
0x08006238	thumb	func_08006238
0x08006290	thumb	func_08006290
0x080062F4	thumb	func_080062F4
0x08006314	thumb	func_08006314
0x08006338	thumb	func_08006338
0x08006390	thumb	func_08006390
0x080063A8	thumb	func_080063A8
0x080063C4	thumb	func_080063C4
0x08006404	thumb	func_08006404
0x08006494	thumb	func_08006494
0x08006548	thumb	func_08006548
0x08006554	thumb	func_08006554
0x08006578	thumb	func_08006578
0x080065A4	thumb	func_080065A4
0x080065FC	thumb	func_080065FC
0x080066F4	thumb	func_080066F4
0x0800675C	thumb	func_0800675C
0x08006778	thumb	func_08006778
0x0800685C	thumb	func_0800685C
0x08006954	thumb	func_08006954
0x08006B34	thumb	func_08006B34
0x08006B4C	thumb	func_08006B4C
0x08006B74	thumb	func_08006B74
0x08006B80	thumb	func_08006B80
0x08006BA0	thumb	func_08006BA0
0x08006BA8	thumb	func_08006BA8
0x08006BB4	thumb	func_08006BB4
0x08006BFC	thumb	func_08006BFC
0x08006C24	thumb	func_08006C24
0x08006C40	thumb	func_08006C40
0x08006C68	thumb	func_08006C68
0x08006C84	thumb	func_08006C84
0x08006CAC	thumb	func_08006CAC
0x08006CC8	thumb	func_08006CC8
0x08006CD4	thumb	func_08006CD4
0x08006CE8	thumb	func_08006CE8
0x08006CF4	thumb	func_08006CF4
0x08006D08	thumb	func_08006D08
0x08006E60	thumb	func_08006E60
0x08006E74	thumb	func_08006E74
0x08006ED4	thumb	func_08006ED4
0x0800702C	thumb	func_0800702C
0x0800712C	thumb	func_0800712C
0x08007210	thumb	func_08007210
0x080073A4	thumb	func_080073A4
0x080073B4	thumb	func_080073B4
0x08007444	thumb	func_08007444
0x08007454	thumb	func_08007454
0x08007550	thumb	func_08007550
0x08007694	thumb	func_08007694
0x08007768	thumb	func_08007768
0x08007798	thumb	func_08007798
0x08007874	thumb	func_08007874
0x080078A4	thumb	func_080078A4
0x080078FC	thumb	func_080078FC
0x08007A10	thumb	func_08007A10
0x08007C50	thumb	func_08007C50
0x08007D74	thumb	func_08007D74
0x08007E00	thumb	func_08007E00
0x08007E50	thumb	func_08007E50
0x08007E5C	thumb	func_08007E5C
0x08007E68	thumb	func_08007E68
0x08007E7C	thumb	func_08007E7C
0x08007E90	thumb	func_08007E90
0x08007EE0	thumb	func_08007EE0
0x080081B8	thumb	func_080081B8
0x080081E4	thumb	func_080081E4
0x080081F4	thumb	func_080081F4
0x08008214	thumb	func_08008214
0x08008280	thumb	func_08008280
0x0800833C	thumb	func_0800833C
0x08008340	thumb	func_08008340
0x08008344	thumb	func_08008344
0x08008348	thumb	func_08008348
0x08008384	thumb	func_08008384
0x080083F8	thumb	func_080083F8
0x0800846C	thumb	func_0800846C
0x08008558	thumb	func_08008558
0x08008808	thumb	func_08008808
0x0800886C	thumb	func_0800886C
0x08008884	thumb	func_08008884
0x0800889C	thumb	func_0800889C
0x080088B4	thumb	func_080088B4
0x08008944	thumb	func_08008944
0x0800895C	thumb	func_0800895C
0x08008974	thumb	func_08008974
0x080089E0	thumb	func_080089E0
0x08008A24	thumb	func_08008A24
0x08008A54	thumb	func_08008A54
0x08008A8C	thumb	func_08008A8C
0x08008AD8	thumb	func_08008AD8
0x08008B40	thumb	func_08008B40
0x08008B84	thumb	func_08008B84
0x08008BBC	thumb	func_08008BBC
0x08008C58	thumb	func_08008C58
0x08008CA8	thumb	func_08008CA8
0x08008D1C	thumb	func_08008D1C
0x08008DCC	thumb	func_08008DCC
0x08008E18	thumb	func_08008E18
0x08008E58	thumb	func_08008E58
0x08008F00	thumb	func_08008F00
0x08009088	thumb	func_08009088
0x080090F4	thumb	func_080090F4
0x08009150	thumb	func_08009150
0x08009298	thumb	func_08009298
0x08009418	thumb	func_08009418
0x08009488	thumb	func_08009488
0x080094EC	thumb	func_080094EC
0x080098D4	thumb	func_080098D4
0x080099A8	thumb	func_080099A8
0x080099D0	thumb	func_080099D0
0x0800A4BC	thumb	func_0800A4BC
0x0800A5A4	thumb	func_0800A5A4
0x0800A608	thumb	func_0800A608
0x0800A774	thumb	func_0800A774
0x0800AB80	thumb	func_0800AB80
0x0800AB8C	thumb	func_0800AB8C
0x0800ABD8	thumb	func_0800ABD8
0x0800AC34	thumb	func_0800AC34
0x0800AD90	thumb	func_0800AD90
0x0800B2E4	thumb	func_0800B2E4
0x0800B30C	thumb	func_0800B30C
0x0800B354	thumb	func_0800B354
0x0800B418	thumb	func_0800B418
0x0800B9C4	thumb	func_0800B9C4
0x0800B9F4	thumb	func_0800B9F4
0x0800BA28	thumb	func_0800BA28
0x0800BB18	thumb	func_0800BB18
0x0800BB2C	thumb	func_0800BB2C
0x0800BC50	thumb	func_0800BC50
0x0800BF74	thumb	func_0800BF74
0x0800BF90	thumb	func_0800BF90
0x0800C064	thumb	func_0800C064
0x0800C15C	thumb	func_0800C15C
0x0800C1AC	thumb	func_0800C1AC
0x0800C1B8	thumb	func_0800C1B8
0x0800C2E0	thumb	func_0800C2E0
0x0800C41C	thumb	func_0800C41C
0x0800C428	thumb	func_0800C428
0x0800C5F8	thumb	func_0800C5F8
0x0800C678	thumb	func_0800C678
0x0800C6B8	thumb	func_0800C6B8
0x0800C778	thumb	func_0800C778
0x0800C980	thumb	func_0800C980
0x0800CB4C	thumb	func_0800CB4C
0x0800CB78	thumb	func_0800CB78
0x0800CBDC	thumb	func_0800CBDC
0x0800CD40	thumb	func_0800CD40
0x0800CDF0	thumb	func_0800CDF0
0x0800DD1C	thumb	func_0800DD1C
0x0800DD26	thumb	func_0800DD26
0x0800DD28	thumb	func_0800DD28
0x0800DF20	thumb	func_0800DF20
0x0800DF30	thumb	func_0800DF30
0x0800E0D0	thumb	func_0800E0D0
0x0800E168	thumb	func_0800E168
0x0800E314	thumb	func_0800E314
0x0800E364	thumb	func_0800E364
0x0800E380	thumb	func_0800E380
0x0800E434	thumb	func_0800E434
0x0800E5CC	thumb	func_0800E5CC
0x0800E5F0	thumb	func_0800E5F0
0x0800EEBC	thumb	func_0800EEBC
0x0800EFE8	thumb	func_0800EFE8
0x0800F230	thumb	func_0800F230
0x0800F368	thumb	func_0800F368
0x0800F3BC	thumb	func_0800F3BC
0x0800F440	thumb	func_0800F440
0x0800F4C8	thumb	func_0800F4C8
0x0800F504	thumb	func_0800F504
0x0800F5A4	thumb	func_0800F5A4
0x0800F84C	thumb	func_0800F84C
0x0800F988	thumb	func_0800F988
0x0800F9A0	thumb	func_0800F9A0
0x0800FA1C	thumb	func_0800FA1C
0x0800FAFC	thumb	func_0800FAFC
0x0800FB14	thumb	func_0800FB14
0x0800FB2C	thumb	func_0800FB2C
0x0800FBCC	thumb	func_0800FBCC
0x0800FC14	thumb	func_0800FC14
0x0800FC5C	thumb	func_0800FC5C
0x0800FC90	thumb	func_0800FC90
0x0800FCD8	thumb	func_0800FCD8
0x0800FD20	thumb	func_0800FD20
0x0800FD68	thumb	func_0800FD68
0x0800FDD0	thumb	func_0800FDD0
0x0800FF00	thumb	func_0800FF00
0x0800FF70	thumb	func_0800FF70
0x0800FFE0	thumb	func_0800FFE0
0x0801007C	thumb	func_0801007C
0x080100A0	thumb	func_080100A0
0x0801050C	thumb	func_0801050C
0x08010548	thumb	func_08010548
0x08010600	thumb	func_08010600
0x0801071C	thumb	func_0801071C
0x080107D4	thumb	func_080107D4
0x08010A24	thumb	func_08010A24
0x08010C70	thumb	func_08010C70
0x08010CC8	thumb	func_08010CC8
0x08011270	thumb	func_08011270
0x08011364	thumb	func_08011364
0x08011398	thumb	func_08011398
0x08011C76	thumb	func_08011C76
0x08011E2A	thumb	func_08011E2A
0x08011E3C	thumb	func_08011E3C
0x08011F68	thumb	func_08011F68
0x08011F78	thumb	func_08011F78
0x08012170	thumb	func_08012170
0x08012218	thumb	func_08012218
0x0801227C	thumb	func_0801227C
0x080122AC	thumb	func_080122AC
0x08012304	thumb	func_08012304
0x08012324	thumb	func_08012324
0x08012330	thumb	func_08012330
0x0801235C	thumb	func_0801235C
0x080125A4	thumb	func_080125A4
0x08012614	thumb	func_08012614
0x08012650	thumb	func_08012650
0x08012658	thumb	func_08012658
0x08012660	thumb	func_08012660
0x08012674	thumb	func_08012674
0x080126E4	thumb	func_080126E4
0x08012728	thumb	func_08012728
0x08012798	thumb	func_08012798
0x08012810	thumb	func_08012810
0x08012824	thumb	func_08012824
0x080128EC	thumb	func_080128EC
0x08012908	thumb	func_08012908
0x08012AAC	thumb	func_08012AAC
0x08012BCC	thumb	func_08012BCC
0x08012C08	thumb	func_08012C08
0x08012E44	thumb	func_08012E44
0x08013070	thumb	func_08013070
0x08013308	thumb	func_08013308
0x08013420	thumb	func_08013420
0x08013480	thumb	func_08013480
0x0801350C	thumb	func_0801350C
0x08013560	thumb	func_08013560
0x08013678	thumb	func_08013678
0x080136E0	thumb	func_080136E0
0x08013748	thumb	func_08013748
0x080137C8	thumb	func_080137C8
0x08013854	thumb	func_08013854
0x080138BC	thumb	func_080138BC
0x0801392C	thumb	func_0801392C
0x08013994	thumb	func_08013994
0x080139FC	thumb	func_080139FC
0x08013A68	thumb	func_08013A68
0x08013B00	thumb	func_08013B00
0x08013CB4	thumb	func_08013CB4
0x08013D60	thumb	func_08013D60
0x08013DB8	thumb	func_08013DB8
0x08013EDC	thumb	func_08013EDC
0x08014000	thumb	func_08014000
0x08014020	thumb	func_08014020
0x080140C0	thumb	func_080140C0
0x080140E0	thumb	func_080140E0
0x0801416C	thumb	func_0801416C
0x080141D4	thumb	func_080141D4
0x080141FC	thumb	func_080141FC
0x08014294	thumb	func_08014294
0x0801440C	thumb	func_0801440C
0x08014502	thumb	func_08014502
0x08014588	thumb	func_08014588
0x080145E2	thumb	func_080145E2
0x08014654	thumb	func_08014654
0x0801466E	thumb	func_0801466E
0x080146D6	thumb	func_080146D6
0x0801473E	thumb	func_0801473E
0x0801475C	thumb	func_0801475C
0x08014780	thumb	func_08014780
0x08014790	thumb	func_08014790
0x080147A8	thumb	func_080147A8
0x080147C8	thumb	func_080147C8
0x080147D8	thumb	func_080147D8
0x08014846	thumb	func_08014846
0x08014850	thumb	func_08014850
0x080148B2	thumb	func_080148B2
0x080148E0	thumb	func_080148E0
0x08014922	thumb	func_08014922
0x0801498A	thumb	func_0801498A
0x080149F2	thumb	func_080149F2
0x08014AAC	thumb	func_08014AAC
0x08014BA8	thumb	func_08014BA8
0x08014D78	thumb	func_08014D78
0x08014E38	thumb	func_08014E38
0x08014F4C	thumb	func_08014F4C
0x08014FDC	thumb	func_08014FDC
0x08014FF2	thumb	func_08014FF2
0x0801508C	thumb	func_0801508C
0x0801519C	thumb	func_0801519C
0x080151CA	thumb	func_080151CA
0x08015228	thumb	func_08015228
0x080152DC	thumb	func_080152DC
0x0801536C	thumb	func_0801536C
0x080153C8	thumb	func_080153C8
0x080155BC	thumb	func_080155BC
0x08015698	thumb	func_08015698
0x0801574E	thumb	func_0801574E
0x08015834	thumb	func_08015834
0x080158E8	thumb	func_080158E8
0x08015B50	thumb	func_08015B50
0x08015D04	thumb	func_08015D04
0x08015E3C	thumb	func_08015E3C
0x08015FF4	thumb	func_08015FF4
0x08016082	thumb	func_08016082
0x080160C0	thumb	func_080160C0
0x08016320	thumb	func_08016320
0x08016374	thumb	func_08016374
0x08016468	thumb	func_08016468
0x080165DC	thumb	func_080165DC
0x08016684	thumb	func_08016684
0x080166F8	thumb	func_080166F8
0x08016750	thumb	func_08016750
0x080167F8	thumb	func_080167F8
0x080168B8	thumb	func_080168B8
0x08016A64	thumb	func_08016A64
0x08016D00	thumb	func_08016D00
0x08016F2C	thumb	func_08016F2C
0x08017008	thumb	func_08017008
0x0801709C	thumb	func_0801709C
0x08017138	thumb	func_08017138
0x0801718C	thumb	func_0801718C
0x08017260	thumb	func_08017260
0x08017390	thumb	func_08017390
0x08017410	thumb	func_08017410
0x08017514	thumb	func_08017514
0x080175BC	thumb	func_080175BC
0x08017728	thumb	func_08017728
0x080177EC	thumb	func_080177EC
0x080179F8	thumb	func_080179F8
0x08017AC0	thumb	func_08017AC0
0x08017B74	thumb	func_08017B74
0x08017C54	thumb	func_08017C54
0x08017EF4	thumb	func_08017EF4
0x0801801C	thumb	func_0801801C
0x080180C8	thumb	func_080180C8
0x08018240	thumb	func_08018240
0x0801848C	thumb	func_0801848C
0x080184C4	thumb	func_080184C4
0x0801853C	thumb	func_0801853C
0x080185D0	thumb	func_080185D0
0x08018724	thumb	func_08018724
0x0801884C	thumb	func_0801884C
0x080188E4	thumb	func_080188E4
0x08018B04	thumb	func_08018B04
0x08018B78	thumb	func_08018B78
0x08018CC4	thumb	func_08018CC4
0x08018F28	thumb	func_08018F28
0x08019050	thumb	func_08019050
0x08019068	thumb	func_08019068
0x0801909C	thumb	func_0801909C
0x08019190	thumb	func_08019190
0x08019270	thumb	func_08019270
0x080192E0	thumb	func_080192E0
0x08019350	thumb	func_08019350
0x080197AC	thumb	func_080197AC
0x08019A30	thumb	func_08019A30
0x08019ACC	thumb	func_08019ACC
0x08019CB4	thumb	func_08019CB4
0x08019F12	thumb	func_08019F12
0x0801A892	thumb	func_0801A892
0x0801A8A4	thumb	func_0801A8A4
0x0801A920	thumb	func_0801A920
0x0801A978	thumb	func_0801A978
0x0801AD68	thumb	func_0801AD68
0x0801ADAC	thumb	func_0801ADAC
0x0801AF08	thumb	func_0801AF08
0x0801AF1C	thumb	func_0801AF1C
0x0801AF4C	thumb	func_0801AF4C
0x0801B008	thumb	func_0801B008
0x0801B024	thumb	func_0801B024
0x0801B37C	thumb	func_0801B37C
0x0801B7D8	thumb	func_0801B7D8
0x0801B818	thumb	func_0801B818
0x0801B8A8	thumb	func_0801B8A8
0x0801B918	thumb	func_0801B918
0x0801B994	thumb	func_0801B994
0x0801BCA8	thumb	func_0801BCA8
0x0801BCC0	thumb	func_0801BCC0
0x0801BCD4	thumb	func_0801BCD4
0x0801BCF8	thumb	func_0801BCF8
0x0801BDD4	thumb	func_0801BDD4
0x0801BDDC	thumb	func_0801BDDC
0x0801C068	thumb	func_0801C068
0x0801C104	thumb	func_0801C104
0x0801C1C0	thumb	func_0801C1C0
0x0801C1F8	thumb	func_0801C1F8
0x0801C274	thumb	func_0801C274
0x0801C298	thumb	func_0801C298
0x0801C2DC	thumb	func_0801C2DC
0x0801C6D4	thumb	func_0801C6D4
0x0801C700	thumb	func_0801C700
0x0801C7FC	thumb	func_0801C7FC
0x0801C830	thumb	func_0801C830
0x0801CA00	thumb	func_0801CA00
0x0801CA88	thumb	func_0801CA88
0x0801CB00	thumb	func_0801CB00
0x0801CB44	thumb	func_0801CB44
0x0801CB6C	thumb	func_0801CB6C
0x0801CC80	thumb	func_0801CC80
0x0801CD74	thumb	func_0801CD74
0x0801CD8C	thumb	func_0801CD8C
0x0801CD98	thumb	func_0801CD98
0x0801CE00	thumb	func_0801CE00
0x0801CE70	thumb	func_0801CE70
0x0801CEAC	thumb	func_0801CEAC
0x0801CF0C	thumb	func_0801CF0C
0x0801CF3C	thumb	func_0801CF3C
0x0801CFE0	thumb	func_0801CFE0
0x0801D000	thumb	func_0801D000
0x0801D04C	thumb	func_0801D04C
0x0801D050	thumb	func_0801D050
0x0801D10C	thumb	func_0801D10C
0x0801D130	thumb	func_0801D130
0x0801D168	thumb	func_0801D168
0x0801D1C4	thumb	func_0801D1C4
0x0801D228	thumb	func_0801D228
0x0801D288	thumb	func_0801D288
0x0801D530	thumb	func_0801D530
0x0801D594	thumb	func_0801D594
0x0801D5FC	thumb	func_0801D5FC
0x0801D614	thumb	func_0801D614
0x0801D644	thumb	func_0801D644
0x0801D68C	thumb	func_0801D68C
0x0801DC28	thumb	func_0801DC28
0x0801DC40	thumb	func_0801DC40
0x0801DC5C	thumb	func_0801DC5C
0x0801DC80	thumb	func_0801DC80
0x0801DD08	thumb	func_0801DD08
0x0801DD90	thumb	func_0801DD90
0x0801DDC4	thumb	func_0801DDC4
0x0801DDE4	thumb	func_0801DDE4
0x0801DE1C	thumb	func_0801DE1C
0x0801DEB8	thumb	func_0801DEB8
0x0801DEF4	thumb	func_0801DEF4
0x0801DF10	thumb	func_0801DF10
0x0801E098	thumb	func_0801E098
0x0801E4E4	thumb	func_0801E4E4
0x0801E508	thumb	func_0801E508
0x0801E518	thumb	func_0801E518
0x0801E678	thumb	func_0801E678
0x0801E6DC	thumb	func_0801E6DC
0x0801E794	thumb	func_0801E794
0x0801E7D4	thumb	func_0801E7D4
0x0801E854	thumb	func_0801E854
0x0801F9FC	thumb	func_0801F9FC
0x0801FA50	thumb	func_0801FA50
0x0801FA84	thumb	func_0801FA84
0x0801FAA4	thumb	func_0801FAA4
0x0801FABC	thumb	func_0801FABC
0x0801FADC	thumb	func_0801FADC
0x0801FAFC	thumb	func_0801FAFC
0x0801FB14	thumb	func_0801FB14
0x0801FB16	thumb	func_0801FB16
0x0801FB24	thumb	func_0801FB24
0x0801FBE8	thumb	func_0801FBE8
0x0801FC6C	thumb	func_0801FC6C
0x0801FCE8	thumb	func_0801FCE8
0x0801FD60	thumb	func_0801FD60
0x0801FDD8	thumb	func_0801FDD8
0x0801FE60	thumb	func_0801FE60
0x0801FE84	thumb	func_0801FE84
0x0801FEDC	thumb	func_0801FEDC
0x0801FF14	thumb	func_0801FF14
0x0801FF84	thumb	func_0801FF84
0x0801FFD4	thumb	func_0801FFD4
0x0801FFFC	thumb	func_0801FFFC
0x08020054	thumb	func_08020054
0x08020080	thumb	func_08020080
0x080200A4	thumb	func_080200A4
0x080200CC	thumb	func_080200CC
0x080200F8	thumb	func_080200F8
0x08020124	thumb	func_08020124
0x0802014C	thumb	func_0802014C
0x08020178	thumb	func_08020178
0x080201A4	thumb	func_080201A4
0x080201C4	thumb	func_080201C4
0x080201D4	thumb	func_080201D4
0x08020200	thumb	func_08020200
0x0802022C	thumb	func_0802022C
0x08020250	thumb	func_08020250
0x0802027C	thumb	func_0802027C
0x080202A8	thumb	func_080202A8
0x080202D0	thumb	func_080202D0
0x080202FC	thumb	func_080202FC
0x08020328	thumb	func_08020328
0x0802034C	thumb	func_0802034C
0x08020378	thumb	func_08020378
0x080203A4	thumb	func_080203A4
0x080203CC	thumb	func_080203CC
0x080203F8	thumb	func_080203F8
0x08020424	thumb	func_08020424
0x08020454	thumb	func_08020454
0x08020480	thumb	func_08020480
0x080204AC	thumb	func_080204AC
0x080204CE	thumb	func_080204CE
0x080204D8	thumb	func_080204D8
0x080204FC	thumb	func_080204FC
0x08020528	thumb	func_08020528
0x08020548	thumb	func_08020548
0x08020574	thumb	func_08020574
0x080205A0	thumb	func_080205A0
0x080205CC	thumb	func_080205CC
0x080205EE	thumb	func_080205EE
0x08020608	thumb	func_08020608
0x0802060A	thumb	func_0802060A
0x08020610	thumb	func_08020610
0x0802062C	thumb	func_0802062C
0x08020632	thumb	func_08020632
0x08020654	thumb	func_08020654
0x08020674	thumb	func_08020674
0x08020688	thumb	func_08020688
0x0802068E	thumb	func_0802068E
0x080206B8	thumb	func_080206B8
0x080206D8	thumb	func_080206D8
0x080206E4	thumb	func_080206E4
0x080206E8	thumb	func_080206E8
0x080206EC	thumb	func_080206EC
0x080206F0	thumb	func_080206F0
0x080206F4	thumb	func_080206F4
0x0802070C	thumb	func_0802070C
0x08020710	thumb	func_08020710
0x08020728	thumb	func_08020728
0x0802072E	thumb	func_0802072E
0x08020750	thumb	func_08020750
0x08020772	thumb	func_08020772
0x08020794	thumb	func_08020794
0x080207B8	thumb	func_080207B8
0x080207C4	thumb	func_080207C4
0x080207E2	thumb	func_080207E2
0x080207E8	thumb	func_080207E8
0x080207F4	thumb	func_080207F4
0x0802080A	thumb	func_0802080A
0x0802080E	thumb	func_0802080E
0x08020812	thumb	func_08020812
0x08020814	thumb	func_08020814
0x08020828	thumb	func_08020828
0x0802082C	thumb	func_0802082C
0x0802084E	thumb	func_0802084E
0x08020858	thumb	func_08020858
0x08020866	thumb	func_08020866
0x0802087E	thumb	func_0802087E
0x08020886	thumb	func_08020886
0x08020B48	thumb	func_08020B48
0x08020B58	thumb	func_08020B58
0x08020B5A	thumb	func_08020B5A
0x0802441E	thumb	func_0802441E
0x08024482	thumb	func_08024482
0x080249C2	thumb	func_080249C2
0x08025BCA	thumb	func_08025BCA
0x08025C60	thumb	func_08025C60
0x08025CE6	thumb	func_08025CE6
0x080263BA	thumb	func_080263BA
0x080264FC	thumb	func_080264FC
0x08026588	thumb	func_08026588
0x080266AA	thumb	func_080266AA
0x080266B2	thumb	func_080266B2
0x080266C0	thumb	func_080266C0
0x080266E8	thumb	func_080266E8
0x08026878	thumb	func_08026878
0x08026880	thumb	func_08026880
0x0802696C	thumb	func_0802696C
0x08026A50	thumb	func_08026A50
0x08026A5C	thumb	func_08026A5C
0x08026AF6	thumb	func_08026AF6
0x08026B04	thumb	func_08026B04
0x08026B10	thumb	func_08026B10
0x08026B16	thumb	func_08026B16
0x08026B46	thumb	func_08026B46
0x08026B48	thumb	func_08026B48
0x0802714C	thumb	func_0802714C
0x080273B8	thumb	func_080273B8
0x0802F1C8	thumb	func_0802F1C8
0x0802F1E8	thumb	func_0802F1E8
0x0802F208	thumb	func_0802F208
0x0802F268	thumb	func_0802F268
0x0802F274	thumb	func_0802F274
0x0802F284	thumb	func_0802F284
0x0802F4EC	thumb	func_0802F4EC
0x0802F578	thumb	func_0802F578
0x0802F57C	thumb	func_0802F57C
0x0802F650	thumb	func_0802F650
0x0802F668	thumb	func_0802F668
0x0802F964	thumb	func_0802F964
0x0802FC24	thumb	func_0802FC24
0x0802FE10	thumb	func_0802FE10
0x0802FE44	thumb	func_0802FE44
0x0802FE94	thumb	func_0802FE94
0x08030038	thumb	func_08030038
0x080301D4	thumb	func_080301D4
0x080301F8	thumb	func_080301F8
0x08030254	thumb	func_08030254
0x08030594	thumb	func_08030594
0x080305E8	thumb	func_080305E8
0x08030604	thumb	func_08030604
0x080308B4	thumb	func_080308B4
0x080308E4	thumb	func_080308E4
0x08030928	thumb	func_08030928
0x08030940	thumb	func_08030940
0x08030990	thumb	func_08030990
0x08030A64	thumb	func_08030A64
0x08030B6C	thumb	func_08030B6C
0x08030B84	thumb	func_08030B84
0x08030DAC	thumb	func_08030DAC
0x080312F0	thumb	func_080312F0
0x080313BC	thumb	func_080313BC
0x080313E4	thumb	func_080313E4
0x0803150C	thumb	func_0803150C
0x080319F0	thumb	func_080319F0
0x08031AC4	thumb	func_08031AC4
0x08031AEC	thumb	func_08031AEC
0x08031B64	thumb	func_08031B64
0x08031BC4	thumb	func_08031BC4
0x08031D74	thumb	func_08031D74
0x08031DF8	thumb	func_08031DF8
0x08031E48	thumb	func_08031E48
0x08031EC4	thumb	func_08031EC4
0x08031F1C	thumb	func_08031F1C
0x08031F60	thumb	func_08031F60
0x08031F98	thumb	func_08031F98
0x08032070	thumb	func_08032070
0x08032268	thumb	func_08032268
0x0803234C	thumb	func_0803234C
0x080324DC	thumb	func_080324DC
0x08032C3C	thumb	func_08032C3C
0x08033054	thumb	func_08033054
0x08033150	thumb	func_08033150
0x08033334	thumb	func_08033334
0x0803366C	thumb	func_0803366C
0x08033BC8	thumb	func_08033BC8
0x080341E8	thumb	func_080341E8
0x080342DC	thumb	func_080342DC
0x08034368	thumb	func_08034368
0x08034518	thumb	func_08034518
0x0803459C	thumb	func_0803459C
0x080345EC	thumb	func_080345EC
0x08034668	thumb	func_08034668
0x080346C0	thumb	func_080346C0
0x08034704	thumb	func_08034704
0x0803473C	thumb	func_0803473C
0x08034814	thumb	func_08034814
0x08034A0C	thumb	func_08034A0C
0x08034AF0	thumb	func_08034AF0
0x08034C88	thumb	func_08034C88
0x080353DC	thumb	func_080353DC
0x080357F4	thumb	func_080357F4
0x080358F0	thumb	func_080358F0
0x08035AD4	thumb	func_08035AD4
0x08035DFC	thumb	func_08035DFC
0x08036360	thumb	func_08036360
0x0803696C	thumb	func_0803696C
0x08036A60	thumb	func_08036A60
0x08036AEC	thumb	func_08036AEC
0x08036B3C	thumb	func_08036B3C
0x08036B4C	thumb	func_08036B4C
0x08036BE4	thumb	func_08036BE4
0x08036BFC	thumb	func_08036BFC
0x08036C34	thumb	func_08036C34
0x08037120	thumb	func_08037120
0x080372D8	thumb	func_080372D8
0x080372E4	thumb	func_080372E4
0x08037304	thumb	func_08037304
0x08037500	thumb	func_08037500
0x0803750C	thumb	func_0803750C
0x08037518	thumb	func_08037518
0x08037538	thumb	func_08037538
0x08037734	thumb	func_08037734
0x08037740	thumb	func_08037740
0x0803774C	thumb	func_0803774C
0x0803776C	thumb	func_0803776C
0x08037904	thumb	func_08037904
0x08037910	thumb	func_08037910
0x0803791C	thumb	func_0803791C
0x08037950	thumb	func_08037950
0x08037AAC	thumb	func_08037AAC
0x08037AB8	thumb	func_08037AB8
0x08037AC4	thumb	func_08037AC4
0x08037AE4	thumb	func_08037AE4
0x08037D4C	thumb	func_08037D4C
0x08037D58	thumb	func_08037D58
0x08037D64	thumb	func_08037D64
0x08037DB8	thumb	func_08037DB8
0x08038280	thumb	func_08038280
0x0803828C	thumb	func_0803828C
0x08038298	thumb	func_08038298
0x080382D4	thumb	func_080382D4
0x080387D4	thumb	func_080387D4
0x08038810	thumb	func_08038810
0x0803882C	thumb	func_0803882C
0x08038840	thumb	func_08038840
0x0803893C	thumb	func_0803893C
0x08038948	thumb	func_08038948
0x08038954	thumb	func_08038954
0x08038968	thumb	func_08038968
0x08038BC4	thumb	func_08038BC4
0x08038BD0	thumb	func_08038BD0
0x08038BDC	thumb	func_08038BDC
0x08038C10	thumb	func_08038C10
0x08038E24	thumb	func_08038E24
0x08038E40	thumb	func_08038E40
0x08038E5C	thumb	func_08038E5C
0x08038F04	thumb	func_08038F04
0x080390BC	thumb	func_080390BC
0x08039174	thumb	func_08039174
0x08039190	thumb	func_08039190
0x08039200	thumb	func_08039200
0x080392A4	thumb	func_080392A4
0x0803931C	thumb	func_0803931C
0x08039334	thumb	func_08039334
0x08039374	thumb	func_08039374
0x080397F0	thumb	func_080397F0
0x080397FC	thumb	func_080397FC
0x08039808	thumb	func_08039808
0x0803981C	thumb	func_0803981C
0x08039C10	thumb	func_08039C10
0x08039C1C	thumb	func_08039C1C
0x08039C28	thumb	func_08039C28
0x08039C48	thumb	func_08039C48
0x0803A014	thumb	func_0803A014
0x0803A020	thumb	func_0803A020
0x0803A02C	thumb	func_0803A02C
0x0803A058	thumb	func_0803A058
0x0803A45C	thumb	func_0803A45C
0x0803A468	thumb	func_0803A468
0x0803A474	thumb	func_0803A474
0x0803A494	thumb	func_0803A494
0x0803A598	arm	func_0803A598
0x0803A6C0	thumb	func_0803A6C0
0x0803A6CC	thumb	func_0803A6CC
0x0803A6D8	thumb	func_0803A6D8
0x0803A6EC	thumb	func_0803A6EC
0x0803A9D8	thumb	func_0803A9D8
0x0803A9E4	thumb	func_0803A9E4
0x0803A9F0	thumb	func_0803A9F0
0x0803AA30	thumb	func_0803AA30
0x0803AC58	thumb	func_0803AC58
0x0803AC64	thumb	func_0803AC64
0x0803AC70	thumb	func_0803AC70
0x0803AC84	thumb	func_0803AC84
0x0803AED0	thumb	func_0803AED0
0x0803AEDC	thumb	func_0803AEDC
0x0803AEE8	thumb	func_0803AEE8
0x0803AF28	thumb	func_0803AF28
0x0803B408	thumb	func_0803B408
0x0803B414	thumb	func_0803B414
0x0803B420	thumb	func_0803B420
0x0803B468	thumb	func_0803B468
0x0803B4F4	thumb	func_0803B4F4
0x0803B788	thumb	func_0803B788
0x0803B794	thumb	func_0803B794
0x0803B7A0	thumb	func_0803B7A0
0x0803B7E0	thumb	func_0803B7E0
0x0803BF7C	thumb	func_0803BF7C
0x0803BF88	thumb	func_0803BF88
0x0803BF94	thumb	func_0803BF94
0x0803BFB4	thumb	func_0803BFB4
0x0803C3FA	thumb	func_0803C3FA
0x0803C4D0	thumb	func_0803C4D0
0x0803C4DC	thumb	func_0803C4DC
0x0803C4E8	thumb	func_0803C4E8
0x0803C52C	thumb	func_0803C52C
0x0803CC74	thumb	func_0803CC74
0x0803CE50	thumb	func_0803CE50
0x0803CE5C	thumb	func_0803CE5C
0x0803CE70	thumb	func_0803CE70
0x0803D008	thumb	func_0803D008
0x0803D014	thumb	func_0803D014
0x0803D020	thumb	func_0803D020
0x0803D034	thumb	func_0803D034
0x0803D304	thumb	func_0803D304
0x0803D310	thumb	func_0803D310
0x0803D31C	thumb	func_0803D31C
0x0803D33C	thumb	func_0803D33C
0x0803D504	thumb	func_0803D504
0x0803D510	thumb	func_0803D510
0x0803D51C	thumb	func_0803D51C
0x0803D530	thumb	func_0803D530
0x0803D778	thumb	func_0803D778
0x0803D784	thumb	func_0803D784
0x0803D790	thumb	func_0803D790
0x0803D7A4	thumb	func_0803D7A4
0x0803DD00	thumb	func_0803DD00
0x0803DD0C	thumb	func_0803DD0C
0x0803DD18	thumb	func_0803DD18
0x0803DD44	thumb	func_0803DD44
0x0803DDDC	thumb	func_0803DDDC
0x0803E568	thumb	func_0803E568
0x0803E574	thumb	func_0803E574
0x0803E580	thumb	func_0803E580
0x0803E5B8	thumb	func_0803E5B8
0x0803E8E8	thumb	func_0803E8E8
0x0803E904	thumb	func_0803E904
0x0803E920	thumb	func_0803E920
0x0803E994	thumb	func_0803E994
0x0803EA8C	thumb	func_0803EA8C
0x0803EB04	thumb	func_0803EB04
0x0803EB20	thumb	func_0803EB20
0x0803EBCC	thumb	func_0803EBCC
0x0803EC58	thumb	func_0803EC58
0x0803ED1C	thumb	func_0803ED1C
0x0803ED34	thumb	func_0803ED34
0x0803ED48	thumb	func_0803ED48
0x0803EE48	thumb	func_0803EE48
0x0803EE54	thumb	func_0803EE54
0x0803EE60	thumb	func_0803EE60
0x0803EE74	thumb	func_0803EE74
0x0803EF90	thumb	func_0803EF90
0x0803EF9C	thumb	func_0803EF9C
0x0803EFA8	thumb	func_0803EFA8
0x0803EFE4	thumb	func_0803EFE4
0x0803EFFC	thumb	func_0803EFFC
0x0803F008	thumb	func_0803F008
0x0803F014	thumb	func_0803F014
0x0803F088	thumb	func_0803F088
0x0803F168	thumb	func_0803F168
0x0803F194	thumb	func_0803F194
0x0803F198	thumb	func_0803F198
0x0803F23C	thumb	func_0803F23C
0x0803F254	thumb	func_0803F254
0x0803F308	thumb	func_0803F308
0x0803F6D4	thumb	func_0803F6D4
0x0803F6E0	thumb	func_0803F6E0
0x0803F704	thumb	func_0803F704
0x0803F7F4	thumb	func_0803F7F4
0x0803FBD0	thumb	func_0803FBD0
0x0803FBDC	thumb	func_0803FBDC
0x0803FD08	thumb	func_0803FD08
0x0803FDBC	thumb	func_0803FDBC
0x0803FDC8	thumb	func_0803FDC8
0x0803FDFC	thumb	func_0803FDFC
0x0803FE74	thumb	func_0803FE74
0x08040048	thumb	func_08040048
0x08040064	thumb	func_08040064
0x08040080	thumb	func_08040080
0x08040150	thumb	func_08040150
0x08040214	thumb	func_08040214
0x08040458	thumb	func_08040458
0x080404B4	thumb	func_080404B4
0x0804096C	thumb	func_0804096C
0x08040A68	thumb	func_08040A68
0x08040A84	thumb	func_08040A84
0x08040AE4	thumb	func_08040AE4
0x08040BC8	thumb	func_08040BC8
0x08040C70	thumb	func_08040C70
0x08040D54	thumb	func_08040D54
0x08040E28	thumb	func_08040E28
0x08040F84	thumb	func_08040F84
0x08041B66	thumb	func_08041B66
0x08041B70	thumb	func_08041B70
0x08041B72	thumb	func_08041B72
0x08041BB0	thumb	func_08041BB0
0x08041BBC	thumb	func_08041BBC
0x08041D1C	thumb	func_08041D1C
0x08041D64	thumb	func_08041D64
0x08041DF0	thumb	func_08041DF0
0x08041FCC	thumb	func_08041FCC
0x08042018	thumb	func_08042018
0x080420E0	thumb	func_080420E0
0x08042540	thumb	func_08042540
0x08042668	thumb	func_08042668
0x080426B0	thumb	func_080426B0
0x0804291C	thumb	func_0804291C
0x08042E08	thumb	func_08042E08
0x08042F30	thumb	func_08042F30
0x08042F84	thumb	func_08042F84
0x0804305C	thumb	func_0804305C
0x08043088	thumb	func_08043088
0x080430E8	thumb	func_080430E8
0x08043100	thumb	func_08043100
0x08043244	thumb	func_08043244
0x080435A0	thumb	func_080435A0
0x080436C8	thumb	func_080436C8
0x08043710	thumb	func_08043710
0x08043878	thumb	func_08043878
0x08043BD4	thumb	func_08043BD4
0x08043CF4	thumb	func_08043CF4
0x08043D3C	thumb	func_08043D3C
0x08043E80	thumb	func_08043E80
0x08044128	thumb	func_08044128
0x08044250	thumb	func_08044250
0x080442A4	thumb	func_080442A4
0x0804460C	thumb	func_0804460C
0x08044CC8	thumb	func_08044CC8
0x08044DF0	thumb	func_08044DF0
0x08044E64	thumb	func_08044E64
0x08044FE0	thumb	func_08044FE0
0x080452DC	thumb	func_080452DC
0x08045404	thumb	func_08045404
0x0804544C	thumb	func_0804544C
0x08045494	thumb	func_08045494
0x08045550	thumb	func_08045550
0x08045728	thumb	func_08045728
0x08046476	thumb	func_08046476
0x08046478	thumb	func_08046478
0x0804648A	thumb	func_0804648A
0x0804649C	thumb	func_0804649C
0x080465AC	thumb	func_080465AC
0x080465F0	thumb	func_080465F0
0x08046638	thumb	func_08046638
0x080467BC	thumb	func_080467BC
0x08046CFC	thumb	func_08046CFC
0x08046E0C	thumb	func_08046E0C
0x08046E50	thumb	func_08046E50
0x08046FF8	thumb	func_08046FF8
0x08047354	thumb	func_08047354
0x08047464	thumb	func_08047464
0x080474A8	thumb	func_080474A8
0x080474F0	thumb	func_080474F0
0x080476A0	thumb	func_080476A0
0x0804856E	thumb	func_0804856E
0x08048570	thumb	func_08048570
0x08048582	thumb	func_08048582
0x08048594	thumb	func_08048594
0x08048750	thumb	func_08048750
0x08048794	thumb	func_08048794
0x08048980	thumb	func_08048980
0x08048A68	thumb	func_08048A68
0x08048AA4	thumb	func_08048AA4
0x08048FA8	thumb	func_08048FA8
0x080490B8	thumb	func_080490B8
0x080490FC	thumb	func_080490FC
0x08049168	thumb	func_08049168
0x08049324	thumb	func_08049324
0x08049694	thumb	func_08049694
0x080497A4	thumb	func_080497A4
0x080497E8	thumb	func_080497E8
0x08049830	thumb	func_08049830
0x08049A10	thumb	func_08049A10
0x08049A62	thumb	func_08049A62
0x08049B4A	thumb	func_08049B4A
0x08049C78	thumb	func_08049C78
0x08049D88	thumb	func_08049D88
0x08049DCC	thumb	func_08049DCC
0x08049DDC	thumb	func_08049DDC
0x08049E70	thumb	func_08049E70
0x08049EE4	thumb	func_08049EE4
0x08049F24	thumb	func_08049F24
0x08049F50	thumb	func_08049F50
0x0804A014	thumb	func_0804A014
0x0804A040	thumb	func_0804A040
0x0804AB4A	arm	func_0804AB4A
0x0804AC48	thumb	func_0804AC48
0x0804B410	thumb	func_0804B410
0x0804B416	thumb	func_0804B416
0x0804B41A	thumb	func_0804B41A
0x0804B41C	thumb	func_0804B41C
0x0804B434	thumb	func_0804B434
0x0804B440	thumb	func_0804B440
0x0804B44C	thumb	func_0804B44C
0x0804B4BC	thumb	func_0804B4BC
0x0804C766	thumb	func_0804C766
0x0804C8FC	thumb	func_0804C8FC
0x0804C944	thumb	func_0804C944
0x0804C950	thumb	func_0804C950
0x0804CB28	thumb	func_0804CB28
0x0804CB40	thumb	func_0804CB40
0x0804CCCC	thumb	func_0804CCCC
0x0804CF24	thumb	func_0804CF24
0x0804CFF4	thumb	func_0804CFF4
0x0804D018	thumb	func_0804D018
0x0804D060	thumb	func_0804D060
0x0804D0E4	thumb	func_0804D0E4
0x0804D140	thumb	func_0804D140
0x0804E318	thumb	func_0804E318
0x0804E3A4	thumb	func_0804E3A4
0x0804E3B0	thumb	func_0804E3B0
0x0804E3BC	thumb	func_0804E3BC
0x0804E468	thumb	func_0804E468
0x0804E590	thumb	func_0804E590
0x0804F394	thumb	func_0804F394
0x0804F664	thumb	func_0804F664
0x0804F6D8	thumb	func_0804F6D8
0x0804F8B0	thumb	func_0804F8B0
0x0804F8F0	thumb	func_0804F8F0
0x0804F9A0	thumb	func_0804F9A0
0x0804F9C8	thumb	func_0804F9C8
0x0804FA70	thumb	func_0804FA70
0x0804FAD4	thumb	func_0804FAD4
0x0804FBDC	thumb	func_0804FBDC
0x0804FC28	thumb	func_0804FC28
0x0804FD7C	thumb	func_0804FD7C
0x0804FE28	thumb	func_0804FE28
0x08050CB8	thumb	func_08050CB8
0x08050CBE	thumb	func_08050CBE
0x08050CC4	thumb	func_08050CC4
0x08050D14	thumb	func_08050D14
0x08050E22	thumb	func_08050E22
0x08050EA8	thumb	func_08050EA8
0x08050EC4	thumb	func_08050EC4
0x08050F10	thumb	func_08050F10
0x08050F7C	thumb	func_08050F7C
0x08050FE0	thumb	func_08050FE0
0x08052342	thumb	func_08052342
0x0805234E	thumb	func_0805234E
0x080523D0	thumb	func_080523D0
0x080523EC	thumb	func_080523EC
0x08052414	thumb	func_08052414
0x080524D0	thumb	func_080524D0
0x080525DC	thumb	func_080525DC
0x08052690	thumb	func_08052690
0x080526A8	thumb	func_080526A8
0x080526D4	thumb	func_080526D4
0x080526F0	thumb	func_080526F0
0x0805273C	thumb	func_0805273C
0x080527B8	thumb	func_080527B8
0x08052884	thumb	func_08052884
0x08053FF4	thumb	func_08053FF4
0x0805406E	thumb	func_0805406E
0x08054082	thumb	func_08054082
0x08054086	thumb	func_08054086
0x08054088	thumb	func_08054088
0x08054100	thumb	func_08054100
0x08054198	thumb	func_08054198
0x080541CC	thumb	func_080541CC
0x08054208	thumb	func_08054208
0x08054294	thumb	func_08054294
0x080542BC	thumb	func_080542BC
0x0805431C	thumb	func_0805431C
0x080543B4	thumb	func_080543B4
0x080543F4	thumb	func_080543F4
0x08054440	thumb	func_08054440
0x080544C8	thumb	func_080544C8
0x08055374	thumb	func_08055374
0x0805537A	thumb	func_0805537A
0x08055380	thumb	func_08055380
0x08055448	thumb	func_08055448
0x08055464	thumb	func_08055464
0x080554A4	thumb	func_080554A4
0x08055540	thumb	func_08055540
0x080555F4	thumb	func_080555F4
0x08055668	thumb	func_08055668
0x08055674	thumb	func_08055674
0x080556DC	thumb	func_080556DC
0x080558D8	thumb	func_080558D8
0x08055970	thumb	func_08055970
0x08055990	thumb	func_08055990
0x08055A4C	thumb	func_08055A4C
0x08055DAC	thumb	func_08055DAC
0x08055E20	thumb	func_08055E20
0x08055E2C	thumb	func_08055E2C
0x08055F38	thumb	func_08055F38
0x08055FFC	thumb	func_08055FFC
0x080560A0	thumb	func_080560A0
0x080560AC	thumb	func_080560AC
0x080560F8	thumb	func_080560F8
0x08056158	thumb	func_08056158
0x08056D80	thumb	func_08056D80
0x08056D86	thumb	func_08056D86
0x08056D8A	thumb	func_08056D8A
0x08056D8C	thumb	func_08056D8C
0x08056E74	thumb	func_08056E74
0x08056EC8	thumb	func_08056EC8
0x08056EE4	thumb	func_08056EE4
0x08056FEC	thumb	func_08056FEC
0x08057184	thumb	func_08057184
0x08057270	thumb	func_08057270
0x08057294	thumb	func_08057294
0x08057314	thumb	func_08057314
0x08057364	thumb	func_08057364
0x080573E2	thumb	func_080573E2
0x08057408	thumb	func_08057408
0x08057420	thumb	func_08057420
0x080574AC	thumb	func_080574AC
0x080578D0	thumb	func_080578D0
0x08057AA0	thumb	func_08057AA0
0x08057AF0	thumb	func_08057AF0
0x08057B8C	thumb	func_08057B8C
0x08057C44	thumb	func_08057C44
0x08057CA4	thumb	func_08057CA4
0x08057CBC	thumb	func_08057CBC
0x08057D30	thumb	func_08057D30
0x08057D68	thumb	func_08057D68
0x08057E2C	thumb	func_08057E2C
0x08057E90	thumb	func_08057E90
0x08057F98	thumb	func_08057F98
0x08057FDA	thumb	func_08057FDA
0x080580D4	thumb	func_080580D4
0x080591AC	thumb	func_080591AC
0x0805942C	arm	func_0805942C
0x0805965E	thumb	func_0805965E
0x0805978A	thumb	func_0805978A
0x080597D4	thumb	func_080597D4
0x080597DA	thumb	func_080597DA
0x080597F4	thumb	func_080597F4
0x080598D8	thumb	func_080598D8
0x080598E4	thumb	func_080598E4
0x08059960	thumb	func_08059960
0x08059C80	thumb	func_08059C80
0x08059C8C	thumb	func_08059C8C
0x08059CC8	thumb	func_08059CC8
0x08059D00	thumb	func_08059D00
0x08059DC4	thumb	func_08059DC4
0x08059DD0	thumb	func_08059DD0
0x08059DDC	thumb	func_08059DDC
0x08059EE4	thumb	func_08059EE4
0x08059F68	thumb	func_08059F68
0x0805A048	thumb	func_0805A048
0x0805A104	thumb	func_0805A104
0x0805A2BC	thumb	func_0805A2BC
0x0805A358	thumb	func_0805A358
0x0805A400	thumb	func_0805A400
0x0805A484	thumb	func_0805A484
0x0805A4D8	thumb	func_0805A4D8
0x0805A514	thumb	func_0805A514
0x0805A55C	thumb	func_0805A55C
0x0805A574	thumb	func_0805A574
0x0805A638	thumb	func_0805A638
0x0805A698	thumb	func_0805A698
0x0805A7D0	thumb	func_0805A7D0
0x0805A8D0	thumb	func_0805A8D0
0x0805A95C	thumb	func_0805A95C
0x0805ACE4	thumb	func_0805ACE4
0x0805B0D4	thumb	func_0805B0D4
0x0805B9D0	thumb	func_0805B9D0
0x0805BAAC	thumb	func_0805BAAC
0x0805BAE4	thumb	func_0805BAE4
0x0805C3C2	thumb	func_0805C3C2
0x0805C5D0	thumb	func_0805C5D0
0x0805C5FA	thumb	func_0805C5FA
0x0805C910	thumb	func_0805C910
0x0805C9B4	thumb	func_0805C9B4
0x0805CA08	thumb	func_0805CA08
0x0805CBE0	thumb	func_0805CBE0
0x0805CC64	thumb	func_0805CC64
0x0805CC80	thumb	func_0805CC80
0x0805CD4C	thumb	func_0805CD4C
0x0805CD6C	thumb	func_0805CD6C
0x0805CDB0	thumb	func_0805CDB0
0x0805CDC8	thumb	func_0805CDC8
0x0805CE60	thumb	func_0805CE60
0x0805CF24	thumb	func_0805CF24
0x0805CF9C	thumb	func_0805CF9C
0x0805D0E8	thumb	func_0805D0E8
0x0805D180	thumb	func_0805D180
0x0805D1A8	thumb	func_0805D1A8
0x0805D210	thumb	func_0805D210
0x0805D26C	thumb	func_0805D26C
0x0805D2CC	thumb	func_0805D2CC
0x0805D2E4	thumb	func_0805D2E4
0x0805D594	thumb	func_0805D594
0x0805D840	thumb	func_0805D840
0x0805DA34	thumb	func_0805DA34
0x0805DB38	thumb	func_0805DB38
0x0805DC58	thumb	func_0805DC58
0x0805E772	thumb	func_0805E772
0x0805E788	thumb	func_0805E788
0x0805E824	thumb	func_0805E824
0x0805E8B4	thumb	func_0805E8B4
0x0805E93C	thumb	func_0805E93C
0x0805EA90	thumb	func_0805EA90
0x0805EDFC	thumb	func_0805EDFC
0x0805F0D8	thumb	func_0805F0D8
0x0805F0E4	thumb	func_0805F0E4
0x0805F120	thumb	func_0805F120
0x0805F1A0	thumb	func_0805F1A0
0x0805F1C0	thumb	func_0805F1C0
0x0805F588	thumb	func_0805F588
0x0805F5A4	thumb	func_0805F5A4
0x0805F7B0	thumb	func_0805F7B0
0x0805F7E8	thumb	func_0805F7E8
0x0805F904	thumb	func_0805F904
0x0805FA60	thumb	func_0805FA60
0x0805FA8C	thumb	func_0805FA8C
0x0805FC04	thumb	func_0805FC04
0x0805FCB0	thumb	func_0805FCB0
0x08060598	thumb	func_08060598
0x080605A4	thumb	func_080605A4
0x0806098C	thumb	func_0806098C
0x080609A0	thumb	func_080609A0
0x080609AC	thumb	func_080609AC
0x08060A2C	thumb	func_08060A2C
0x0806180C	thumb	func_0806180C
0x08061824	thumb	func_08061824
0x08061FC8	thumb	func_08061FC8
0x0806250C	thumb	func_0806250C
0x0806297C	thumb	func_0806297C
0x080629CC	thumb	func_080629CC
0x080629F8	thumb	func_080629F8
0x08062CE4	thumb	func_08062CE4
0x08062D20	thumb	func_08062D20
0x08062D3C	thumb	func_08062D3C
0x08062DC8	thumb	func_08062DC8
0x080635C4	thumb	func_080635C4
0x08063F60	thumb	func_08063F60
0x08064624	thumb	func_08064624
0x08064B80	thumb	func_08064B80
0x08064C34	thumb	func_08064C34
0x08064D04	thumb	func_08064D04
0x08064DD4	thumb	func_08064DD4
0x08064EF4	thumb	func_08064EF4
0x08065170	thumb	func_08065170
0x080658B8	thumb	func_080658B8
0x08065940	thumb	func_08065940
0x08065994	thumb	func_08065994
0x08065ACC	thumb	func_08065ACC
0x08065AE0	thumb	func_08065AE0
0x08065B08	thumb	func_08065B08
0x08065B54	thumb	func_08065B54
0x08065B6C	thumb	func_08065B6C
0x08065B7C	thumb	func_08065B7C
0x080660C0	thumb	func_080660C0
0x08066468	thumb	func_08066468
0x080664D8	thumb	func_080664D8
0x080668F0	thumb	func_080668F0
0x08066904	thumb	func_08066904
0x08066918	thumb	func_08066918
0x0806692C	thumb	func_0806692C
0x080669DC	thumb	func_080669DC
0x08066DC0	thumb	func_08066DC0
0x08066E40	thumb	func_08066E40
0x0806777A	thumb	func_0806777A
0x08067BD2	thumb	func_08067BD2
0x08068132	thumb	func_08068132
0x0806863E	thumb	func_0806863E
0x08068AAE	thumb	func_08068AAE
0x08068FD8	thumb	func_08068FD8
0x0806944E	thumb	func_0806944E
0x08069912	thumb	func_08069912
0x08069DD8	thumb	func_08069DD8
0x0806A256	thumb	func_0806A256
0x0806A704	thumb	func_0806A704
0x0806ABA2	thumb	func_0806ABA2
0x0806B03C	thumb	func_0806B03C
0x0806B4B0	thumb	func_0806B4B0
0x0806B8BC	thumb	func_0806B8BC
0x0806B9F0	thumb	func_0806B9F0
0x0806BA00	thumb	func_0806BA00
0x0806BA02	thumb	func_0806BA02
0x0806BA04	thumb	func_0806BA04
0x0806BA74	thumb	func_0806BA74
0x0806BB44	thumb	func_0806BB44
0x0806C2C0	thumb	func_0806C2C0
0x0806C34C	thumb	func_0806C34C
0x0806C3A0	thumb	func_0806C3A0
0x0806CD30	thumb	func_0806CD30
0x0806D808	thumb	func_0806D808
0x0806D830	thumb	func_0806D830
0x0806E184	thumb	func_0806E184
0x0806E570	thumb	func_0806E570
0x0806E7A8	thumb	func_0806E7A8
0x0806E9BC	thumb	func_0806E9BC
0x0806EA28	thumb	func_0806EA28
0x0806EBE0	thumb	func_0806EBE0
0x0806ED2C	thumb	func_0806ED2C
0x0806EE6C	thumb	func_0806EE6C
0x0806F02C	thumb	func_0806F02C
0x0806F204	thumb	func_0806F204
0x0806F3A8	thumb	func_0806F3A8
0x0806F53C	thumb	func_0806F53C
0x0806F64C	thumb	func_0806F64C
0x0806F770	thumb	func_0806F770
0x0806F898	thumb	func_0806F898
0x0806F94C	thumb	func_0806F94C
0x0806FAB8	thumb	func_0806FAB8
0x0806FC28	thumb	func_0806FC28
0x0806FDB0	thumb	func_0806FDB0
0x0806FE90	thumb	func_0806FE90
0x08070058	thumb	func_08070058
0x080700D4	thumb	func_080700D4
0x0807048C	thumb	func_0807048C
0x08070AD4	thumb	func_08070AD4
0x08072892	thumb	func_08072892
0x0807290C	thumb	func_0807290C
0x08072C34	thumb	func_08072C34
0x08072EAC	thumb	func_08072EAC
0x08073170	thumb	func_08073170
0x08073294	thumb	func_08073294
0x08073318	thumb	func_08073318
0x0807344C	thumb	func_0807344C
0x08073508	thumb	func_08073508
0x0807361C	thumb	func_0807361C
0x080736F8	thumb	func_080736F8
0x0807388C	thumb	func_0807388C
0x08073B04	thumb	func_08073B04
0x08073B54	thumb	func_08073B54
0x08073B9C	thumb	func_08073B9C
0x08073CA4	thumb	func_08073CA4
0x08073DA4	thumb	func_08073DA4
0x08073E0C	thumb	func_08073E0C
0x08073E34	thumb	func_08073E34
0x08073E6C	thumb	func_08073E6C
0x08073E74	thumb	func_08073E74
0x08073F78	thumb	func_08073F78
0x0807420C	thumb	func_0807420C
0x08074564	thumb	func_08074564
0x08074EC8	thumb	func_08074EC8
0x08075064	thumb	func_08075064
0x080750D4	thumb	func_080750D4
0x0807511C	thumb	func_0807511C
0x08075354	thumb	func_08075354
0x08076110	thumb	func_08076110
0x080762B8	thumb	func_080762B8
0x080762C4	thumb	func_080762C4
0x080762D0	thumb	func_080762D0
0x080762DC	thumb	func_080762DC
0x080762E8	thumb	func_080762E8
0x080762F4	thumb	func_080762F4
0x08076300	thumb	func_08076300
0x08076318	thumb	func_08076318
0x08076324	thumb	func_08076324
0x08076330	thumb	func_08076330
0x0807633C	thumb	func_0807633C
0x08076348	thumb	func_08076348
0x08076360	thumb	func_08076360
0x08076374	thumb	func_08076374
0x08076394	thumb	func_08076394
0x080763D0	thumb	func_080763D0
0x080763F0	thumb	func_080763F0
0x0807643C	thumb	func_0807643C
0x08076F80	thumb	func_08076F80
0x08077F44	thumb	func_08077F44
0x0807B3C8	thumb	func_0807B3C8
0x0807B3E0	thumb	func_0807B3E0
0x0807B3F8	thumb	func_0807B3F8
0x0807B578	thumb	func_0807B578
0x0807BA54	thumb	func_0807BA54
0x0807BD64	thumb	func_0807BD64
0x0807BE54	thumb	func_0807BE54
0x0807C3E8	thumb	func_0807C3E8
0x0807C4BC	thumb	func_0807C4BC
0x0807C5D8	thumb	func_0807C5D8
0x0807C75C	thumb	func_0807C75C
0x0807C934	thumb	func_0807C934
0x0807CB24	thumb	func_0807CB24
0x0807CBC0	thumb	func_0807CBC0
0x0807CE04	thumb	func_0807CE04
0x0807CE9C	thumb	func_0807CE9C
0x0807CF4C	thumb	func_0807CF4C
0x0807CFA8	thumb	func_0807CFA8
0x0807D3A0	thumb	func_0807D3A0
0x0807D4E4	thumb	func_0807D4E4
0x0807D584	thumb	func_0807D584
0x0807D68C	thumb	func_0807D68C
0x0807D7B0	thumb	func_0807D7B0
0x0807D930	thumb	func_0807D930
0x0807D99C	thumb	func_0807D99C
0x0807E1A0	thumb	func_0807E1A0
0x0807E1AC	thumb	func_0807E1AC
0x0807E1B8	thumb	func_0807E1B8
0x0807E1C4	thumb	func_0807E1C4
0x0807E1D0	thumb	func_0807E1D0
0x0807E1DC	thumb	func_0807E1DC
0x0807E1E8	thumb	func_0807E1E8
0x0807E1F4	thumb	func_0807E1F4
0x0807E200	thumb	func_0807E200
0x0807E20C	thumb	func_0807E20C
0x0807E218	thumb	func_0807E218
0x0807E224	thumb	func_0807E224
0x0807E23C	thumb	func_0807E23C
0x0807E248	thumb	func_0807E248
0x0807E260	thumb	func_0807E260
0x0807E29C	thumb	func_0807E29C
0x0807E2BC	thumb	func_0807E2BC
0x0807E2F4	thumb	func_0807E2F4
0x0807E33C	thumb	func_0807E33C
0x0807E34C	thumb	func_0807E34C
0x0807EDEC	thumb	func_0807EDEC
0x0807FB5C	thumb	func_0807FB5C
0x08081828	thumb	func_08081828
0x08081838	thumb	func_08081838
0x08081848	thumb	func_08081848
0x08081870	thumb	func_08081870
0x08081B70	thumb	func_08081B70
0x08082154	thumb	func_08082154
0x08082224	thumb	func_08082224
0x08082348	thumb	func_08082348
0x080824C8	thumb	func_080824C8
0x08082618	thumb	func_08082618
0x080827E0	thumb	func_080827E0
0x080829D0	thumb	func_080829D0
0x08082A64	thumb	func_08082A64
0x08082AE4	thumb	func_08082AE4
0x08082B48	thumb	func_08082B48
0x08082E0C	thumb	func_08082E0C
0x08082F50	thumb	func_08082F50
0x08083114	thumb	func_08083114
0x080838E8	thumb	func_080838E8
0x080838EC	thumb	func_080838EC
0x08083900	thumb	func_08083900
0x08083914	thumb	func_08083914
0x08083ADC	thumb	func_08083ADC
0x08083C94	thumb	func_08083C94
0x08083D68	thumb	func_08083D68
0x08083D7C	thumb	func_08083D7C
0x08083DD4	thumb	func_08083DD4
0x08083FE0	thumb	func_08083FE0
0x0808401C	thumb	func_0808401C
0x08084068	thumb	func_08084068
0x080840E4	thumb	func_080840E4
0x08084124	thumb	func_08084124
0x08084458	thumb	func_08084458
0x08084AC8	thumb	func_08084AC8
0x08084BAC	thumb	func_08084BAC
0x08084BF0	thumb	func_08084BF0
0x080850B0	thumb	func_080850B0
0x08085160	thumb	func_08085160
0x08085290	thumb	func_08085290
0x080855C8	thumb	func_080855C8
0x08085658	thumb	func_08085658
0x080856DC	thumb	func_080856DC
0x08085740	thumb	func_08085740
0x08085758	thumb	func_08085758
0x08085770	thumb	func_08085770
0x08085788	thumb	func_08085788
0x080857BC	thumb	func_080857BC
0x08085B38	thumb	func_08085B38
0x08085B50	thumb	func_08085B50
0x08085B84	thumb	func_08085B84
0x08085BAC	thumb	func_08085BAC
0x08085C3C	thumb	func_08085C3C
0x08085CB0	thumb	func_08085CB0
0x08085D04	thumb	func_08085D04
0x08085DA0	thumb	func_08085DA0
0x08085FA4	thumb	func_08085FA4
0x08085FB0	thumb	func_08085FB0
0x080864A4	thumb	func_080864A4
0x08086650	thumb	func_08086650
0x0808686C	thumb	func_0808686C
0x08086984	thumb	func_08086984
0x08086A14	thumb	func_08086A14
0x080870FC	thumb	func_080870FC
0x08087438	thumb	func_08087438
0x0808778C	thumb	func_0808778C
0x08087CD4	thumb	func_08087CD4
0x080882DC	thumb	func_080882DC
0x08088768	thumb	func_08088768
0x080889DC	thumb	func_080889DC
0x08088EB4	thumb	func_08088EB4
0x08088F24	thumb	func_08088F24
0x08089220	thumb	func_08089220
0x080892E8	thumb	func_080892E8
0x08089558	thumb	func_08089558
0x080897CC	thumb	func_080897CC
0x08089D20	thumb	func_08089D20
0x08089EC0	thumb	func_08089EC0
0x0808A114	thumb	func_0808A114
0x0808A218	thumb	func_0808A218
0x0808A650	thumb	func_0808A650
0x0808A7E4	thumb	func_0808A7E4
0x0808A910	thumb	func_0808A910
0x0808AB48	thumb	func_0808AB48
0x0808B068	thumb	func_0808B068
0x0808B208	thumb	func_0808B208
0x0808B238	thumb	func_0808B238
0x0808B30C	thumb	func_0808B30C
0x0808F3E8	thumb	func_0808F3E8
0x0808F660	thumb	func_0808F660
0x0808FA0C	thumb	func_0808FA0C
0x080902D8	thumb	func_080902D8
0x08090550	thumb	func_08090550
0x08090630	thumb	func_08090630
0x0809075C	thumb	func_0809075C
0x08090808	thumb	func_08090808
0x08090940	thumb	func_08090940
0x080909A4	thumb	func_080909A4
0x08090A54	thumb	func_08090A54
0x08090ACC	thumb	func_08090ACC
0x08090C3C	thumb	func_08090C3C
0x08090DB0	thumb	func_08090DB0
0x08091234	thumb	func_08091234
0x0809217C	thumb	func_0809217C
0x08092234	thumb	func_08092234
0x080923E0	thumb	func_080923E0
0x0809254C	thumb	func_0809254C
0x080928E4	thumb	func_080928E4
0x08092A34	thumb	func_08092A34
0x08092E2C	thumb	func_08092E2C
0x0809307A	arm	func_0809307A
0x080938F8	thumb	func_080938F8
0x08093AC8	thumb	func_08093AC8
0x08093B38	thumb	func_08093B38
0x08093B8C	thumb	func_08093B8C
0x08093BB4	thumb	func_08093BB4
0x08093C04	thumb	func_08093C04
0x08093C18	thumb	func_08093C18
0x0809423C	thumb	func_0809423C
0x0809438C	thumb	func_0809438C
0x08094404	thumb	func_08094404
0x0809470C	thumb	func_0809470C
0x080947B4	thumb	func_080947B4
0x0809486C	thumb	func_0809486C
0x080948F0	thumb	func_080948F0
0x08094934	thumb	func_08094934
0x08094A18	thumb	func_08094A18
0x0809511C	thumb	func_0809511C
0x080954C4	thumb	func_080954C4
0x0809612C	thumb	func_0809612C
0x08096288	thumb	func_08096288
0x08096390	thumb	func_08096390
0x08096DB0	thumb	func_08096DB0
0x08096DC4	thumb	func_08096DC4
0x08097404	thumb	func_08097404
0x0809753C	thumb	func_0809753C
0x08097600	thumb	func_08097600
0x08097A80	thumb	func_08097A80
0x08097DE4	thumb	func_08097DE4
0x08098014	thumb	func_08098014
0x08098598	thumb	func_08098598
0x08098670	thumb	func_08098670
0x080986FC	thumb	func_080986FC
0x08098778	thumb	func_08098778
0x080987C0	thumb	func_080987C0
0x080989AC	thumb	func_080989AC
0x08098AE4	thumb	func_08098AE4
0x08098BA4	thumb	func_08098BA4
0x08098E34	thumb	func_08098E34
0x08098FDC	thumb	func_08098FDC
0x08099048	thumb	func_08099048
0x080990CC	thumb	func_080990CC
0x08099330	thumb	func_08099330
0x08099A18	thumb	func_08099A18
0x08099B60	thumb	func_08099B60
0x08099C4C	thumb	func_08099C4C
0x0809AB2C	thumb	func_0809AB2C
0x0809ACDC	thumb	func_0809ACDC
0x0809AD60	thumb	func_0809AD60
0x0809AD98	thumb	func_0809AD98
0x0809B644	thumb	func_0809B644
0x0809B6D0	thumb	func_0809B6D0
0x0809B710	thumb	func_0809B710
0x0809BE80	thumb	func_0809BE80
0x0809C294	thumb	func_0809C294
0x0809C2D0	thumb	func_0809C2D0
0x0809C448	thumb	func_0809C448
0x0809C4B0	thumb	func_0809C4B0
0x0809C620	thumb	func_0809C620
0x0809C9A4	thumb	func_0809C9A4
0x0809C9F4	thumb	func_0809C9F4
0x0809CA1C	thumb	func_0809CA1C
0x0809CAC8	thumb	func_0809CAC8
0x0809CB0C	thumb	func_0809CB0C
0x0809CB78	thumb	func_0809CB78
0x0809CBD0	thumb	func_0809CBD0
0x0809CBF8	thumb	func_0809CBF8
0x0809D280	thumb	func_0809D280
0x0809D2B0	thumb	func_0809D2B0
0x0809D458	thumb	func_0809D458
0x0809DCB8	thumb	func_0809DCB8
0x0809DE30	thumb	func_0809DE30
0x0809F390	thumb	func_0809F390
0x0809F730	thumb	func_0809F730
0x0809FBCC	thumb	func_0809FBCC
0x0809FE14	thumb	func_0809FE14
0x080A0A44	thumb	func_080A0A44
0x080A11CC	thumb	func_080A11CC
0x080A18F4	thumb	func_080A18F4
0x080A1B4C	thumb	func_080A1B4C
0x080A1BB8	thumb	func_080A1BB8
0x080A1C48	thumb	func_080A1C48
0x080A1F38	thumb	func_080A1F38
0x080A2024	thumb	func_080A2024
0x080A22A4	thumb	func_080A22A4
0x080A2334	thumb	func_080A2334
0x080A235C	thumb	func_080A235C
0x080A25E0	thumb	func_080A25E0
0x080A324C	thumb	func_080A324C
0x080A32DC	thumb	func_080A32DC
0x080A3370	thumb	func_080A3370
0x080A3398	thumb	func_080A3398
0x080A3558	thumb	func_080A3558
0x080A36B0	thumb	func_080A36B0
0x080A3754	thumb	func_080A3754
0x080A3A98	thumb	func_080A3A98
0x080A3BB0	thumb	func_080A3BB0
0x080A3DD0	thumb	func_080A3DD0
0x080A3E8C	thumb	func_080A3E8C
0x080A3F5C	thumb	func_080A3F5C
0x080A4010	thumb	func_080A4010
0x080A40EC	thumb	func_080A40EC
0x080A411C	thumb	func_080A411C
0x080A4188	thumb	func_080A4188
0x080A41F0	thumb	func_080A41F0
0x080A4234	thumb	func_080A4234
0x080A42B4	thumb	func_080A42B4
0x080A42C8	thumb	func_080A42C8
0x080A42D4	thumb	func_080A42D4
0x080A42E0	thumb	func_080A42E0
0x080A470C	thumb	func_080A470C
0x080A4910	thumb	func_080A4910
0x080A4958	thumb	func_080A4958
0x080A4CC8	thumb	func_080A4CC8
0x080A4D7C	thumb	func_080A4D7C
0x080A4DAC	thumb	func_080A4DAC
0x080A5034	thumb	func_080A5034
0x080A5150	thumb	func_080A5150
0x080A5198	thumb	func_080A5198
0x080A5D3C	thumb	func_080A5D3C
0x080A5EA0	thumb	func_080A5EA0
0x080A5F70	thumb	func_080A5F70
0x080A5FF4	thumb	func_080A5FF4
0x080A6388	thumb	func_080A6388
0x080A63B8	thumb	func_080A63B8
0x080A6474	thumb	func_080A6474
0x080A7914	thumb	func_080A7914
0x080A7ABC	thumb	func_080A7ABC
0x080A7C80	thumb	func_080A7C80
0x080A8020	thumb	func_080A8020
0x080A82E0	thumb	func_080A82E0
0x080A8430	thumb	func_080A8430
0x080A86F4	thumb	func_080A86F4
0x080A8BD8	thumb	func_080A8BD8
0x080A8C20	thumb	func_080A8C20
0x080AB1F8	thumb	func_080AB1F8
0x080AB228	thumb	func_080AB228
0x080AB22C	thumb	func_080AB22C
0x080AB334	thumb	func_080AB334
0x080AB4AC	thumb	func_080AB4AC
0x080AB880	thumb	func_080AB880
0x080AB8E4	thumb	func_080AB8E4
0x080AB964	thumb	func_080AB964
0x080AB968	thumb	func_080AB968
0x080ABA80	thumb	func_080ABA80
0x080ABCA4	thumb	func_080ABCA4
0x080ABED0	thumb	func_080ABED0
0x080ABEF8	thumb	func_080ABEF8
0x080AC140	thumb	func_080AC140
0x080AC5E8	thumb	func_080AC5E8
0x080AD136	thumb	func_080AD136
0x080AD144	thumb	func_080AD144
0x080ADCF4	thumb	func_080ADCF4
0x080ADD04	thumb	func_080ADD04
0x080ADD58	thumb	func_080ADD58
0x080ADDA8	thumb	func_080ADDA8
0x080ADE2C	thumb	func_080ADE2C
0x080ADE78	thumb	func_080ADE78
0x080ADEAC	thumb	func_080ADEAC
0x080ADEEC	thumb	func_080ADEEC
0x080ADF60	thumb	func_080ADF60
0x080ADF94	thumb	func_080ADF94
0x080ADFD4	thumb	func_080ADFD4
0x080AE014	thumb	func_080AE014
0x080AE080	thumb	func_080AE080
0x080AE0B4	thumb	func_080AE0B4
0x080AE0F4	thumb	func_080AE0F4
0x080AE134	thumb	func_080AE134
0x080AE168	thumb	func_080AE168
0x080AE1A8	thumb	func_080AE1A8
0x080AE1E8	thumb	func_080AE1E8
0x080AE274	thumb	func_080AE274
0x080AEBA0	thumb	func_080AEBA0
0x080AEC9C	thumb	func_080AEC9C
0x080AEE24	thumb	func_080AEE24
0x080AEE50	thumb	func_080AEE50
0x080AEE6C	thumb	func_080AEE6C
0x080AEE84	thumb	func_080AEE84
0x080AEED8	thumb	func_080AEED8
0x080AEF38	thumb	func_080AEF38
0x080AF0B0	thumb	func_080AF0B0
0x080AF60C	thumb	func_080AF60C
0x080B04F0	thumb	func_080B04F0
0x080B0634	thumb	func_080B0634
0x080B06D4	thumb	func_080B06D4
0x080B0754	thumb	func_080B0754
0x080B0874	thumb	func_080B0874
0x080B09C0	thumb	func_080B09C0
0x080B1064	thumb	func_080B1064
0x080B1134	thumb	func_080B1134
0x080B1364	thumb	func_080B1364
0x080B13D0	thumb	func_080B13D0
0x080B1498	thumb	func_080B1498
0x080B1534	thumb	func_080B1534
0x080B16E4	thumb	func_080B16E4
0x080B1844	thumb	func_080B1844
0x080B18C4	thumb	func_080B18C4
0x080B1974	thumb	func_080B1974
0x080B1A24	thumb	func_080B1A24
0x080B1B20	thumb	func_080B1B20
0x080B1BB4	thumb	func_080B1BB4
0x080B1BE0	thumb	func_080B1BE0
0x080B1BFC	thumb	func_080B1BFC
0x080B1C14	thumb	func_080B1C14
0x080B1C70	thumb	func_080B1C70
0x080B1CD0	thumb	func_080B1CD0
0x080B1DDC	thumb	func_080B1DDC
0x080B233C	thumb	func_080B233C
0x080B2BF4	thumb	func_080B2BF4
0x080B2FC0	thumb	func_080B2FC0
0x080B2FEC	thumb	func_080B2FEC
0x080B31D8	thumb	func_080B31D8
0x080B3204	thumb	func_080B3204
0x080B3354	thumb	func_080B3354
0x080B38A4	thumb	func_080B38A4
0x080B3908	thumb	func_080B3908
0x080B3958	thumb	func_080B3958
0x080B397C	thumb	func_080B397C
0x080B3A48	thumb	func_080B3A48
0x080B3A68	thumb	func_080B3A68
0x080B3B5C	thumb	func_080B3B5C
0x080B3C64	thumb	func_080B3C64
0x080B3CC0	thumb	func_080B3CC0
0x080B3D28	thumb	func_080B3D28
0x080B3DA0	thumb	func_080B3DA0
0x080B3DF8	thumb	func_080B3DF8
0x080B3DFC	thumb	func_080B3DFC
0x080B3F18	thumb	func_080B3F18
0x080B3F24	thumb	func_080B3F24
0x080B3F54	thumb	func_080B3F54
0x080B3F80	thumb	func_080B3F80
0x080B3F94	thumb	func_080B3F94
0x080B411C	thumb	func_080B411C
0x080B4154	thumb	func_080B4154
0x080B4210	thumb	func_080B4210
0x080B4614	thumb	func_080B4614
0x080B4788	thumb	func_080B4788
0x080B47F8	thumb	func_080B47F8
0x080B47FC	thumb	func_080B47FC
0x080B4818	thumb	func_080B4818
0x080B48B8	thumb	func_080B48B8
0x080B4A98	thumb	func_080B4A98
0x080B4ACC	thumb	func_080B4ACC
0x080B4AE4	thumb	func_080B4AE4
0x080B4B3C	thumb	func_080B4B3C
0x080B4CC4	thumb	func_080B4CC4
0x080B4CC8	thumb	func_080B4CC8
0x080B4CD8	thumb	func_080B4CD8
0x080B4DD0	thumb	func_080B4DD0
0x080B4ED0	thumb	func_080B4ED0
0x080B4F04	thumb	func_080B4F04
0x080B4F1C	thumb	func_080B4F1C
0x080B5010	thumb	func_080B5010
0x080B5198	thumb	func_080B5198
0x080B5244	thumb	func_080B5244
0x080B525C	thumb	func_080B525C
0x080B52E0	thumb	func_080B52E0
0x080B5434	thumb	func_080B5434
0x080B5438	thumb	func_080B5438
0x080B5444	thumb	func_080B5444
0x080B5460	thumb	func_080B5460
0x080B54D8	thumb	func_080B54D8
0x080B5688	thumb	func_080B5688
0x080B568C	thumb	func_080B568C
0x080B569C	thumb	func_080B569C
0x080B573C	thumb	func_080B573C
0x080B58B0	thumb	func_080B58B0
0x080B58E8	thumb	func_080B58E8
0x080B58F8	thumb	func_080B58F8
0x080B5958	thumb	func_080B5958
0x080B5980	thumb	func_080B5980
0x080B59B0	thumb	func_080B59B0
0x080B59C8	thumb	func_080B59C8
0x080B5A98	thumb	func_080B5A98
0x080B5C18	thumb	func_080B5C18
0x080B5C4C	thumb	func_080B5C4C
0x080B5C64	thumb	func_080B5C64
0x080B5CB0	thumb	func_080B5CB0
0x080B5D84	thumb	func_080B5D84
0x080B5D88	thumb	func_080B5D88
0x080B5D8C	thumb	func_080B5D8C
0x080B5E04	thumb	func_080B5E04
0x080B5F48	thumb	func_080B5F48
0x080B5F7C	thumb	func_080B5F7C
0x080B5F94	thumb	func_080B5F94
0x080B6020	thumb	func_080B6020
0x080B63B4	thumb	func_080B63B4
0x080B63E8	thumb	func_080B63E8
0x080B6408	thumb	func_080B6408
0x080B6488	thumb	func_080B6488
0x080B64B0	thumb	func_080B64B0
0x080B64E0	thumb	func_080B64E0
0x080B64F8	thumb	func_080B64F8
0x080B6558	thumb	func_080B6558
0x080B6580	thumb	func_080B6580
0x080B65AC	thumb	func_080B65AC
0x080B65C4	thumb	func_080B65C4
0x080B6624	thumb	func_080B6624
0x080B664C	thumb	func_080B664C
0x080B6678	thumb	func_080B6678
0x080B6690	thumb	func_080B6690
0x080B6758	thumb	func_080B6758
0x080B6A28	thumb	func_080B6A28
0x080B6A5C	thumb	func_080B6A5C
0x080B6A74	thumb	func_080B6A74
0x080B6AD0	thumb	func_080B6AD0
0x080B6BEC	thumb	func_080B6BEC
0x080B6BF0	thumb	func_080B6BF0
0x080B6C00	thumb	func_080B6C00
0x080B6CC0	thumb	func_080B6CC0
0x080B6DAC	thumb	func_080B6DAC
0x080B6DE4	thumb	func_080B6DE4
0x080B6DFC	thumb	func_080B6DFC
0x080B6FF0	thumb	func_080B6FF0
0x080B7444	thumb	func_080B7444
0x080B75B0	thumb	func_080B75B0
0x080B75E8	thumb	func_080B75E8
0x080B75FC	thumb	func_080B75FC
0x080B7664	thumb	func_080B7664
0x080B7674	thumb	func_080B7674
0x080B76D4	thumb	func_080B76D4
0x080B7708	thumb	func_080B7708
0x080B7738	thumb	func_080B7738
0x080B7750	thumb	func_080B7750
0x080B7768	thumb	func_080B7768
0x080B7820	thumb	func_080B7820
0x080B782C	thumb	func_080B782C
0x080B7838	thumb	func_080B7838
0x080B790C	thumb	func_080B790C
0x080B7C1C	thumb	func_080B7C1C
0x080B7C58	thumb	func_080B7C58
0x080B7C7C	thumb	func_080B7C7C
0x080B7C98	thumb	func_080B7C98
0x080B7D6C	thumb	func_080B7D6C
0x080B7E10	thumb	func_080B7E10
0x080B7E50	thumb	func_080B7E50
0x080B82D4	thumb	func_080B82D4
0x080B8324	thumb	func_080B8324
0x080B8334	thumb	func_080B8334
0x080B83A4	thumb	func_080B83A4
0x080B83B8	thumb	func_080B83B8
0x080B83C4	thumb	func_080B83C4
0x080B8418	thumb	func_080B8418
0x080B8508	thumb	func_080B8508
0x080B895C	thumb	func_080B895C
0x080B9190	thumb	func_080B9190
0x080B91A4	thumb	func_080B91A4
0x080B949C	thumb	func_080B949C
0x080B9660	thumb	func_080B9660
0x080B9890	thumb	func_080B9890
0x080B9D50	thumb	func_080B9D50
0x080B9F90	thumb	func_080B9F90
0x080B9FC4	thumb	func_080B9FC4
0x080BA08C	thumb	func_080BA08C
0x080BA0E4	thumb	func_080BA0E4
0x080BA0F8	thumb	func_080BA0F8
0x080BA104	thumb	func_080BA104
0x080BA11C	thumb	func_080BA11C
0x080BA928	thumb	func_080BA928
0x080BAB8C	thumb	func_080BAB8C
0x080BAC10	arm	func_080BAC10
0x080BAD0C	arm	func_080BAD0C
0x080BAFA4	thumb	func_080BAFA4
0x080BB174	thumb	func_080BB174
0x080BB1B8	thumb	func_080BB1B8
0x080BB1D8	thumb	func_080BB1D8
0x080BB228	thumb	func_080BB228
0x080BB268	thumb	func_080BB268
0x080BB354	thumb	func_080BB354
0x080BB410	thumb	func_080BB410
0x080BB428	thumb	func_080BB428
0x080BB43C	thumb	func_080BB43C
0x080BB464	thumb	func_080BB464
0x080BB4C0	thumb	func_080BB4C0
0x080BB518	thumb	func_080BB518
0x080BB588	thumb	func_080BB588
0x080BB5E8	thumb	func_080BB5E8
0x080BB64C	thumb	func_080BB64C
0x080BB924	thumb	func_080BB924
0x080BC2C4	thumb	func_080BC2C4
0x080BC304	thumb	func_080BC304
0x080BC884	thumb	func_080BC884
0x080BC940	thumb	func_080BC940
0x080BCB70	thumb	func_080BCB70
0x080BCBA4	thumb	func_080BCBA4
0x080BCC00	thumb	func_080BCC00
0x080BCE78	thumb	func_080BCE78
0x080BCE8C	thumb	func_080BCE8C
0x080BD1D4	thumb	func_080BD1D4
0x080BD464	thumb	func_080BD464
0x080BD474	thumb	func_080BD474
0x080BD4A8	thumb	func_080BD4A8
0x080BD7F8	thumb	func_080BD7F8
0x080BD8E0	thumb	func_080BD8E0
0x080BD9A8	thumb	func_080BD9A8
0x080BDAAC	thumb	func_080BDAAC
0x080BDB58	thumb	func_080BDB58
0x080BDBDC	thumb	func_080BDBDC
0x080BDCA0	thumb	func_080BDCA0
0x080BE076	arm	func_080BE076
0x080BE118	thumb	func_080BE118
0x080BE24C	thumb	func_080BE24C
0x080BE350	arm	func_080BE350
0x080BE3DC	thumb	func_080BE3DC
0x080BE478	thumb	func_080BE478
0x080BE508	thumb	func_080BE508
0x080BE6AC	thumb	func_080BE6AC
0x080BE7B4	thumb	func_080BE7B4
0x080BE8EC	thumb	func_080BE8EC
0x080C09B8	thumb	func_080C09B8
0x080C0BF4	thumb	func_080C0BF4
0x080C1204	thumb	func_080C1204
0x080C1338	thumb	func_080C1338
0x080C1424	thumb	func_080C1424
0x080C1558	thumb	func_080C1558
0x080C15BC	thumb	func_080C15BC
0x080C1A30	thumb	func_080C1A30
0x080C1A48	thumb	func_080C1A48
0x080C1B60	thumb	func_080C1B60
0x080C1EB4	thumb	func_080C1EB4
0x080C20D0	thumb	func_080C20D0
0x080C20E0	thumb	func_080C20E0
0x080C211C	thumb	func_080C211C
0x080C213C	thumb	func_080C213C
0x080C217C	thumb	func_080C217C
0x080C2398	thumb	func_080C2398
0x080C2514	thumb	func_080C2514
0x080C26A0	thumb	func_080C26A0
0x080C2734	thumb	func_080C2734
0x080C2828	thumb	func_080C2828
0x080C288C	thumb	func_080C288C
0x080C297C	thumb	func_080C297C
0x080C2BB0	thumb	func_080C2BB0
0x080C33CC	arm	func_080C33CC
0x080C3C40	thumb	func_080C3C40
0x080C3DE4	thumb	func_080C3DE4
0x080C3E64	thumb	func_080C3E64
0x080C3F24	thumb	func_080C3F24
0x080C3FAC	thumb	func_080C3FAC
0x080C4128	thumb	func_080C4128
0x080C4270	thumb	func_080C4270
0x080C427C	thumb	func_080C427C
0x080C4420	thumb	func_080C4420
0x080C45DC	thumb	func_080C45DC
0x080C4638	thumb	func_080C4638
0x080C46BC	thumb	func_080C46BC
0x080C46C0	thumb	func_080C46C0
0x080C4708	thumb	func_080C4708
0x080C4948	thumb	func_080C4948
0x080C49A0	thumb	func_080C49A0
0x080C49A4	thumb	func_080C49A4
0x080C4A38	thumb	func_080C4A38
0x080C4BA4	thumb	func_080C4BA4
0x080C4C50	thumb	func_080C4C50
0x080C4DB0	thumb	func_080C4DB0
0x080C4E58	thumb	func_080C4E58
0x080C5110	thumb	func_080C5110
0x080C51C0	thumb	func_080C51C0
0x080C51C4	thumb	func_080C51C4
0x080C5204	thumb	func_080C5204
0x080C52CC	thumb	func_080C52CC
0x080C52D0	thumb	func_080C52D0
0x080C52D4	thumb	func_080C52D4
0x080C5354	thumb	func_080C5354
0x080C54AC	thumb	func_080C54AC
0x080C54B0	thumb	func_080C54B0
0x080C54B4	thumb	func_080C54B4
0x080C57A4	thumb	func_080C57A4
0x080C57B4	thumb	func_080C57B4
0x080C5930	thumb	func_080C5930
0x080C5A3C	thumb	func_080C5A3C
0x080C5AA4	thumb	func_080C5AA4
0x080C5B50	thumb	func_080C5B50
0x080C5C24	thumb	func_080C5C24
0x080C5C7C	thumb	func_080C5C7C
0x080C5D00	thumb	func_080C5D00
0x080C5D10	thumb	func_080C5D10
0x080C5D24	thumb	func_080C5D24
0x080C5D50	thumb	func_080C5D50
0x080C5DC0	thumb	func_080C5DC0
0x080C5E58	thumb	func_080C5E58
0x080C5ECC	thumb	func_080C5ECC
0x080C5F94	thumb	func_080C5F94
0x080C6008	thumb	func_080C6008
0x080C60D8	thumb	func_080C60D8
0x080C61D4	thumb	func_080C61D4
0x080C6EB0	thumb	func_080C6EB0
0x080C6EE0	thumb	func_080C6EE0
0x080C6F14	thumb	func_080C6F14
0x080C6F18	thumb	func_080C6F18
0x080C6FE0	thumb	func_080C6FE0
0x080C6FF8	thumb	func_080C6FF8
0x080C700C	thumb	func_080C700C
0x080C7024	thumb	func_080C7024
0x080C703C	thumb	func_080C703C
0x080C7170	thumb	func_080C7170
0x080C7344	thumb	func_080C7344
0x080C736C	thumb	func_080C736C
0x080C73A4	thumb	func_080C73A4
0x080C73D8	thumb	func_080C73D8
0x080C7568	thumb	func_080C7568
0x080C75A4	thumb	func_080C75A4
0x080C7684	thumb	func_080C7684
0x080C76B0	thumb	func_080C76B0
0x080C7714	thumb	func_080C7714
0x080C774C	thumb	func_080C774C
0x080C7B84	thumb	func_080C7B84
0x080C7BCC	thumb	func_080C7BCC
0x080C7BF8	thumb	func_080C7BF8
0x080C7CB0	thumb	func_080C7CB0
0x080C7CBC	thumb	func_080C7CBC
0x080C7CC8	thumb	func_080C7CC8
0x080C7DF8	thumb	func_080C7DF8
0x080C7FEC	thumb	func_080C7FEC
0x080C83C4	thumb	func_080C83C4
0x080C8404	thumb	func_080C8404
0x080C8428	thumb	func_080C8428
0x080C84E0	thumb	func_080C84E0
0x080C85C4	thumb	func_080C85C4
0x080C871C	thumb	func_080C871C
0x080C887C	thumb	func_080C887C
0x080C88C4	thumb	func_080C88C4
0x080C89B4	thumb	func_080C89B4
0x080C8A50	thumb	func_080C8A50
0x080C8B38	thumb	func_080C8B38
0x080C8B60	thumb	func_080C8B60
0x080C8BD4	thumb	func_080C8BD4
0x080C8C40	thumb	func_080C8C40
0x080C983A	thumb	func_080C983A
0x080C98A8	thumb	func_080C98A8
0x080C98B8	thumb	func_080C98B8
0x080C9910	thumb	func_080C9910
0x080C9974	thumb	func_080C9974
0x080C9A24	thumb	func_080C9A24
0x080C9CC8	thumb	func_080C9CC8
0x080C9D48	thumb	func_080C9D48
0x080C9D5C	thumb	func_080C9D5C
0x080C9D70	thumb	func_080C9D70
0x080C9D84	thumb	func_080C9D84
0x080C9D98	thumb	func_080C9D98
0x080C9DAC	thumb	func_080C9DAC
0x080C9E4C	thumb	func_080C9E4C
0x080C9E70	thumb	func_080C9E70
0x080C9E84	thumb	func_080C9E84
0x080C9EAC	thumb	func_080C9EAC
0x080C9EFC	thumb	func_080C9EFC
0x080C9FA8	thumb	func_080C9FA8
0x080C9FBC	thumb	func_080C9FBC
0x080CA09C	thumb	func_080CA09C
0x080CA0A8	thumb	func_080CA0A8
0x080CA0C0	thumb	func_080CA0C0
0x080CA0CC	thumb	func_080CA0CC
0x080CA210	thumb	func_080CA210
0x080CA258	thumb	func_080CA258
0x080CA264	thumb	func_080CA264
0x080CA270	thumb	func_080CA270
0x080CA35C	thumb	func_080CA35C
0x080CA36C	thumb	func_080CA36C
0x080CA3A0	thumb	func_080CA3A0
0x080CA3FC	thumb	func_080CA3FC
0x080CA4E8	thumb	func_080CA4E8
0x080CA560	thumb	func_080CA560
0x080CA648	thumb	func_080CA648
0x080CA67C	thumb	func_080CA67C
0x080CA6A8	thumb	func_080CA6A8
0x080CA724	thumb	func_080CA724
0x080CA8D4	thumb	func_080CA8D4
0x080CA960	thumb	func_080CA960
0x080CA9DC	thumb	func_080CA9DC
0x080CAA14	thumb	func_080CAA14
0x080CAA50	thumb	func_080CAA50
0x080CAB24	thumb	func_080CAB24
0x080CABFC	thumb	func_080CABFC
0x080CAD08	thumb	func_080CAD08
0x080CB1BC	thumb	func_080CB1BC
0x080CB5A8	thumb	func_080CB5A8
0x080CB68C	thumb	func_080CB68C
0x080CB8F0	thumb	func_080CB8F0
0x080CBA08	thumb	func_080CBA08
0x080CBA4C	thumb	func_080CBA4C
0x080CBA74	thumb	func_080CBA74
0x080CBA8C	thumb	func_080CBA8C
0x080CBAB0	thumb	func_080CBAB0
0x080CBB7C	thumb	func_080CBB7C
0x080CBB8C	thumb	func_080CBB8C
0x080CBBDC	thumb	func_080CBBDC
0x080CBC20	thumb	func_080CBC20
0x080CBCC8	thumb	func_080CBCC8
0x080CBCF0	thumb	func_080CBCF0
0x080CBD2C	thumb	func_080CBD2C
0x080CBD60	thumb	func_080CBD60
0x080CBD88	thumb	func_080CBD88
0x080CBDA8	thumb	func_080CBDA8
0x080CBE6C	thumb	func_080CBE6C
0x080CBE70	thumb	func_080CBE70
0x080CBF04	thumb	func_080CBF04
0x080CBF1C	thumb	func_080CBF1C
0x080CBF48	thumb	func_080CBF48
0x080CBF54	thumb	func_080CBF54
0x080CBF60	thumb	func_080CBF60
0x080CBF6C	thumb	func_080CBF6C
0x080CBFCC	thumb	func_080CBFCC
0x080CBFDC	thumb	func_080CBFDC
0x080CC064	thumb	func_080CC064
0x080CC07C	thumb	func_080CC07C
0x080CC0DC	thumb	func_080CC0DC
0x080CC0EC	thumb	func_080CC0EC
0x080CC160	thumb	func_080CC160
0x080CC178	thumb	func_080CC178
0x080CC194	thumb	func_080CC194
0x080CC284	thumb	func_080CC284
0x080CC2B0	thumb	func_080CC2B0
0x080CC3D8	thumb	func_080CC3D8
0x080CC464	thumb	func_080CC464
0x080CC488	thumb	func_080CC488
0x080CC4CC	thumb	func_080CC4CC
0x080CC528	thumb	func_080CC528
0x080CC5B0	thumb	func_080CC5B0
0x080CC5D8	thumb	func_080CC5D8
0x080CC5F0	thumb	func_080CC5F0
0x080CC684	thumb	func_080CC684
0x080CC7D0	thumb	func_080CC7D0
0x080CC92C	thumb	func_080CC92C
0x080CC960	thumb	func_080CC960
0x080CC9F4	thumb	func_080CC9F4
0x080CCA58	thumb	func_080CCA58
0x080CCB4C	thumb	func_080CCB4C
0x080CCB80	thumb	func_080CCB80
0x080CCB84	thumb	func_080CCB84
0x080CCB8C	thumb	func_080CCB8C
0x080CCB90	thumb	func_080CCB90
0x080CCBD4	thumb	func_080CCBD4
0x080CCBE8	thumb	func_080CCBE8
0x080CCBF8	thumb	func_080CCBF8
0x080CCC98	thumb	func_080CCC98
0x080CCD00	thumb	func_080CCD00
0x080CCDE0	thumb	func_080CCDE0
0x080CCFF0	thumb	func_080CCFF0
0x080CD108	thumb	func_080CD108
0x080CD13C	thumb	func_080CD13C
0x080CD160	thumb	func_080CD160
0x080CD190	thumb	func_080CD190
0x080CD194	thumb	func_080CD194
0x080CD198	thumb	func_080CD198
0x080CD1DC	thumb	func_080CD1DC
0x080CD1F8	thumb	func_080CD1F8
0x080CD214	thumb	func_080CD214
0x080CD298	thumb	func_080CD298
0x080CD3A8	thumb	func_080CD3A8
0x080CD510	thumb	func_080CD510
0x080CD550	thumb	func_080CD550
0x080CD58C	thumb	func_080CD58C
0x080CD5B8	thumb	func_080CD5B8
0x080CD5E4	thumb	func_080CD5E4
0x080CD6C8	thumb	func_080CD6C8
0x080CD6EC	thumb	func_080CD6EC
0x080CD714	thumb	func_080CD714
0x080CD754	thumb	func_080CD754
0x080CD7BE	thumb	func_080CD7BE
0x080CD830	thumb	func_080CD830
0x080CD854	thumb	func_080CD854
0x080CD89C	thumb	func_080CD89C
0x080CD968	thumb	func_080CD968
0x080CDBB4	thumb	func_080CDBB4
0x080CDCE0	thumb	func_080CDCE0
0x080CDD0C	thumb	func_080CDD0C
0x080CDDF8	thumb	func_080CDDF8
0x080CDEB4	thumb	func_080CDEB4
0x080CDFEC	thumb	func_080CDFEC
0x080CE024	thumb	func_080CE024
0x080CE0B4	thumb	func_080CE0B4
0x080CE1D8	thumb	func_080CE1D8
0x080CE2A0	thumb	func_080CE2A0
0x080CE2C4	thumb	func_080CE2C4
0x080CE310	thumb	func_080CE310
0x080CE3D4	thumb	func_080CE3D4
0x080CE5DC	thumb	func_080CE5DC
0x080CE6E4	thumb	func_080CE6E4
0x080CE710	thumb	func_080CE710
0x080CE77C	thumb	func_080CE77C
0x080CE818	thumb	func_080CE818
0x080CE880	thumb	func_080CE880
0x080CE8B4	thumb	func_080CE8B4
0x080CE960	thumb	func_080CE960
0x080CEA78	thumb	func_080CEA78
0x080CEB64	thumb	func_080CEB64
0x080CED28	thumb	func_080CED28
0x080CED58	thumb	func_080CED58
0x080CEDF4	thumb	func_080CEDF4
0x080CEF04	thumb	func_080CEF04
0x080CF064	thumb	func_080CF064
0x080CF0EC	thumb	func_080CF0EC
0x080CF144	thumb	func_080CF144
0x080CF194	thumb	func_080CF194
0x080CF198	thumb	func_080CF198
0x080CF25C	thumb	func_080CF25C
0x080CF280	thumb	func_080CF280
0x080CF2FC	thumb	func_080CF2FC
0x080CF374	thumb	func_080CF374
0x080CF480	thumb	func_080CF480
0x080CF4A4	thumb	func_080CF4A4
0x080CF560	thumb	func_080CF560
0x080CF5DC	thumb	func_080CF5DC
0x080CF72C	thumb	func_080CF72C
0x080CF754	thumb	func_080CF754
0x080CF794	thumb	func_080CF794
0x080CF7C0	thumb	func_080CF7C0
0x080CF874	thumb	func_080CF874
0x080CF898	thumb	func_080CF898
0x080CF900	thumb	func_080CF900
0x080CF96C	thumb	func_080CF96C
0x080CFA4C	thumb	func_080CFA4C
0x080CFA70	thumb	func_080CFA70
0x080CFA84	thumb	func_080CFA84
0x080CFAEC	thumb	func_080CFAEC
0x080CFBA0	thumb	func_080CFBA0
0x080CFC90	thumb	func_080CFC90
0x080CFCC0	thumb	func_080CFCC0
0x080CFCD4	thumb	func_080CFCD4
0x080CFD18	thumb	func_080CFD18
0x080CFD44	thumb	func_080CFD44
0x080CFE10	thumb	func_080CFE10
0x080CFE34	thumb	func_080CFE34
0x080CFEA0	thumb	func_080CFEA0
0x080CFF0C	thumb	func_080CFF0C
0x080CFF30	thumb	func_080CFF30
0x080CFF58	thumb	func_080CFF58
0x080CFFC0	thumb	func_080CFFC0
0x080CFFF0	thumb	func_080CFFF0
0x080D001C	thumb	func_080D001C
0x080D0050	thumb	func_080D0050
0x080D0210	thumb	func_080D0210
0x080D0290	thumb	func_080D0290
0x080D0304	thumb	func_080D0304
0x080D0418	thumb	func_080D0418
0x080D0694	thumb	func_080D0694
0x080D06BC	thumb	func_080D06BC
0x080D06C8	thumb	func_080D06C8
0x080D06D4	thumb	func_080D06D4
0x080D0770	thumb	func_080D0770
0x080D07F0	thumb	func_080D07F0
0x080D08E8	thumb	func_080D08E8
0x080D0920	thumb	func_080D0920
0x080D0970	thumb	func_080D0970
0x080D0994	thumb	func_080D0994
0x080D09FC	thumb	func_080D09FC
0x080D0A14	thumb	func_080D0A14
0x080D0AE8	thumb	func_080D0AE8
0x080D0CE8	thumb	func_080D0CE8
0x080D0E20	thumb	func_080D0E20
0x080D0E3C	thumb	func_080D0E3C
0x080D0E50	thumb	func_080D0E50
0x080D0EDC	thumb	func_080D0EDC
0x080D0EFC	thumb	func_080D0EFC
0x080D102C	thumb	func_080D102C
0x080D1050	thumb	func_080D1050
0x080D1078	thumb	func_080D1078
0x080D10E0	thumb	func_080D10E0
0x080D11B0	thumb	func_080D11B0
0x080D14A0	thumb	func_080D14A0
0x080D15F0	thumb	func_080D15F0
0x080D1628	thumb	func_080D1628
0x080D1650	thumb	func_080D1650
0x080D16A4	thumb	func_080D16A4
0x080D16E4	thumb	func_080D16E4
0x080D16F0	thumb	func_080D16F0
0x080D16FC	thumb	func_080D16FC
0x080D1710	thumb	func_080D1710
0x080D171C	thumb	func_080D171C
0x080D172C	thumb	func_080D172C
0x080D1738	thumb	func_080D1738
0x080D1990	thumb	func_080D1990
0x080D19C4	thumb	func_080D19C4
0x080D1B94	thumb	func_080D1B94
0x080D1C40	thumb	func_080D1C40
0x080D1D70	thumb	func_080D1D70
0x080D1D90	thumb	func_080D1D90
0x080D1E88	thumb	func_080D1E88
0x080D1EA8	thumb	func_080D1EA8
0x080D1F1C	thumb	func_080D1F1C
0x080D1F20	thumb	func_080D1F20
0x080D1FA0	thumb	func_080D1FA0
0x080D1FB8	thumb	func_080D1FB8
0x080D2034	thumb	func_080D2034
0x080D206C	thumb	func_080D206C
0x080D20B8	thumb	func_080D20B8
0x080D2190	thumb	func_080D2190
0x080D21F4	thumb	func_080D21F4
0x080D220C	thumb	func_080D220C
0x080D22B4	thumb	func_080D22B4
0x080D22D4	thumb	func_080D22D4
0x080D22F4	thumb	func_080D22F4
0x080D2304	thumb	func_080D2304
0x080D2318	thumb	func_080D2318
0x080D2324	thumb	func_080D2324
0x080D2334	thumb	func_080D2334
0x080D23AC	thumb	func_080D23AC
0x080D2404	thumb	func_080D2404
0x080D2494	thumb	func_080D2494
0x080D24BC	thumb	func_080D24BC
0x080D2518	thumb	func_080D2518
0x080D2578	thumb	func_080D2578
0x080D260C	thumb	func_080D260C
0x080D2630	thumb	func_080D2630
0x080D2690	thumb	func_080D2690
0x080D26B8	thumb	func_080D26B8
0x080D2744	thumb	func_080D2744
0x080D275C	thumb	func_080D275C
0x080D27B8	thumb	func_080D27B8
0x080D2818	thumb	func_080D2818
0x080D28AC	thumb	func_080D28AC
0x080D28D0	thumb	func_080D28D0
0x080D2968	thumb	func_080D2968
0x080D2994	thumb	func_080D2994
0x080D2AA4	thumb	func_080D2AA4
0x080D2AD0	thumb	func_080D2AD0
0x080D2B08	thumb	func_080D2B08
0x080D2B10	thumb	func_080D2B10
0x080D2BC4	thumb	func_080D2BC4
0x080D2BE0	thumb	func_080D2BE0
0x080D2BF8	thumb	func_080D2BF8
0x080D2C1C	thumb	func_080D2C1C
0x080D2C48	thumb	func_080D2C48
0x080D2C78	thumb	func_080D2C78
0x080D2C8C	thumb	func_080D2C8C
0x080D2CA8	thumb	func_080D2CA8
0x080D2CC4	thumb	func_080D2CC4
0x080D2CD0	thumb	func_080D2CD0
0x080D2CE0	thumb	func_080D2CE0
0x080D2CF4	thumb	func_080D2CF4
0x080D2D0C	thumb	func_080D2D0C
0x080D2D24	thumb	func_080D2D24
0x080D2D3C	thumb	func_080D2D3C
0x080D2D50	thumb	func_080D2D50
0x080D2D6C	thumb	func_080D2D6C
0x080D2D80	thumb	func_080D2D80
0x080D2D94	thumb	func_080D2D94
0x080D2DB0	thumb	func_080D2DB0
0x080D2DC4	thumb	func_080D2DC4
0x080D2DD8	thumb	func_080D2DD8
0x080D2E28	thumb	func_080D2E28
0x080D2E70	thumb	func_080D2E70
0x080D2E84	thumb	func_080D2E84
0x080D2E98	thumb	func_080D2E98
0x080D2EB8	thumb	func_080D2EB8
0x080D2F10	thumb	func_080D2F10
0x080D2F64	thumb	func_080D2F64
0x080D3008	thumb	func_080D3008
0x080D3034	thumb	func_080D3034
0x080D3050	thumb	func_080D3050
0x080D30C8	thumb	func_080D30C8
0x080D313C	thumb	func_080D313C
0x080D3186	thumb	func_080D3186
0x080D31C4	thumb	func_080D31C4
0x080D3370	thumb	func_080D3370
0x080D33A0	thumb	func_080D33A0
0x080D34AC	thumb	func_080D34AC
0x080D3538	thumb	func_080D3538
0x080D3564	thumb	func_080D3564
0x080D358C	thumb	func_080D358C
0x080D35B0	thumb	func_080D35B0
0x080D37BC	thumb	func_080D37BC
0x080D37EC	thumb	func_080D37EC
0x080D38B0	thumb	func_080D38B0
0x080D38B4	thumb	func_080D38B4
0x080D39F4	thumb	func_080D39F4
0x080D3A70	thumb	func_080D3A70
0x080D3AB8	thumb	func_080D3AB8
0x080D3B1C	thumb	func_080D3B1C
0x080D3BC8	thumb	func_080D3BC8
0x080D3CC0	thumb	func_080D3CC0
0x080D3D28	thumb	func_080D3D28
0x080D3D40	thumb	func_080D3D40
0x080D3DCC	thumb	func_080D3DCC
0x080D3E14	thumb	func_080D3E14
0x080D3E84	thumb	func_080D3E84
0x080D3E88	thumb	func_080D3E88
0x080D3EB8	thumb	func_080D3EB8
0x080D3ED0	thumb	func_080D3ED0
0x080D3F60	thumb	func_080D3F60
0x080D3FE8	thumb	func_080D3FE8
0x080D418C	thumb	func_080D418C
0x080D4210	thumb	func_080D4210
0x080D422C	thumb	func_080D422C
0x080D42D4	thumb	func_080D42D4
0x080D44A0	thumb	func_080D44A0
0x080D44D4	thumb	func_080D44D4
0x080D469C	thumb	func_080D469C
0x080D4794	thumb	func_080D4794
0x080D484C	thumb	func_080D484C
0x080D49EC	thumb	func_080D49EC
0x080D4A68	thumb	func_080D4A68
0x080D4AAC	thumb	func_080D4AAC
0x080D4BB8	thumb	func_080D4BB8
0x080D4C28	thumb	func_080D4C28
0x080D4C88	thumb	func_080D4C88
0x080D4CF8	thumb	func_080D4CF8
0x080D4D1C	thumb	func_080D4D1C
0x080D4D44	thumb	func_080D4D44
0x080D4D50	thumb	func_080D4D50
0x080D4EBC	thumb	func_080D4EBC
0x080D510C	thumb	func_080D510C
0x080D51D8	thumb	func_080D51D8
0x080D53A8	thumb	func_080D53A8
0x080D53F8	thumb	func_080D53F8
0x080D5494	thumb	func_080D5494
0x080D54FC	thumb	func_080D54FC
0x080D55E4	thumb	func_080D55E4
0x080D576C	thumb	func_080D576C
0x080D58AC	thumb	func_080D58AC
0x080D5944	thumb	func_080D5944
0x080D5978	thumb	func_080D5978
0x080D5998	thumb	func_080D5998
0x080D5A4C	thumb	func_080D5A4C
0x080D5B04	thumb	func_080D5B04
0x080D5B70	thumb	func_080D5B70
0x080D5D40	thumb	func_080D5D40
0x080D622C	thumb	func_080D622C
0x080D6280	thumb	func_080D6280
0x080D6294	thumb	func_080D6294
0x080D62A8	thumb	func_080D62A8
0x080D63EC	thumb	func_080D63EC
0x080D63F8	thumb	func_080D63F8
0x080D6438	thumb	func_080D6438
0x080D651C	thumb	func_080D651C
0x080D6580	thumb	func_080D6580
0x080D669C	thumb	func_080D669C
0x080D66FC	thumb	func_080D66FC
0x080D6764	thumb	func_080D6764
0x080D679C	thumb	func_080D679C
0x080D6908	thumb	func_080D6908
0x080D6944	thumb	func_080D6944
0x080D69AC	thumb	func_080D69AC
0x080D6A28	thumb	func_080D6A28
0x080D6A64	thumb	func_080D6A64
0x080D6B7C	thumb	func_080D6B7C
0x080D6C54	thumb	func_080D6C54
0x080D6D2C	thumb	func_080D6D2C
0x080D6DB0	thumb	func_080D6DB0
0x080D6E40	thumb	func_080D6E40
0x080D6E80	thumb	func_080D6E80
0x080D6ED4	thumb	func_080D6ED4
0x080D6F78	thumb	func_080D6F78
0x080D6FFC	thumb	func_080D6FFC
0x080D7014	thumb	func_080D7014
0x080D7160	thumb	func_080D7160
0x080D71D4	thumb	func_080D71D4
0x080D71D8	thumb	func_080D71D8
0x080D724C	thumb	func_080D724C
0x080D7288	thumb	func_080D7288
0x080D728C	thumb	func_080D728C
0x080D733C	thumb	func_080D733C
0x080D7410	thumb	func_080D7410
0x080D7510	thumb	func_080D7510
0x080D7558	thumb	func_080D7558
0x080D7574	thumb	func_080D7574
0x080D764C	thumb	func_080D764C
0x080D7848	thumb	func_080D7848
0x080D7878	thumb	func_080D7878
0x080D7884	thumb	func_080D7884
0x080D789C	thumb	func_080D789C
0x080D78A8	thumb	func_080D78A8
0x080D7910	thumb	func_080D7910
0x080D7974	thumb	func_080D7974
0x080D7AFC	thumb	func_080D7AFC
0x080D7B7C	thumb	func_080D7B7C
0x080D7B94	thumb	func_080D7B94
0x080D7BA8	thumb	func_080D7BA8
0x080D7C24	thumb	func_080D7C24
0x080D7C48	thumb	func_080D7C48
0x080D7C8C	thumb	func_080D7C8C
0x080D7CB0	thumb	func_080D7CB0
0x080D7D58	thumb	func_080D7D58
0x080D7D6C	thumb	func_080D7D6C
0x080D7DB0	thumb	func_080D7DB0
0x080D7DC8	thumb	func_080D7DC8
0x080D7E04	thumb	func_080D7E04
0x080D7E08	thumb	func_080D7E08
0x080D7E34	thumb	func_080D7E34
0x080D7E4C	thumb	func_080D7E4C
0x080D7F48	thumb	func_080D7F48
0x080D7FD8	thumb	func_080D7FD8
0x080D8058	thumb	func_080D8058
0x080D807C	thumb	func_080D807C
0x080D8190	thumb	func_080D8190
0x080D81C4	thumb	func_080D81C4
0x080D8288	thumb	func_080D8288
0x080D82D4	thumb	func_080D82D4
0x080D8308	thumb	func_080D8308
0x080D8340	thumb	func_080D8340
0x080D8374	thumb	func_080D8374
0x080D83F4	thumb	func_080D83F4
0x080D8474	thumb	func_080D8474
0x080D855C	thumb	func_080D855C
0x080D8584	thumb	func_080D8584
0x080D8590	thumb	func_080D8590
0x080D85A8	thumb	func_080D85A8
0x080D85C0	thumb	func_080D85C0
0x080D85F8	thumb	func_080D85F8
0x080D885C	thumb	func_080D885C
0x080D8890	thumb	func_080D8890
0x080D88D4	thumb	func_080D88D4
0x080D88E8	thumb	func_080D88E8
0x080D8920	thumb	func_080D8920
0x080D8938	thumb	func_080D8938
0x080D8958	thumb	func_080D8958
0x080D89D0	thumb	func_080D89D0
0x080D89F8	thumb	func_080D89F8
0x080D8A04	thumb	func_080D8A04
0x080D8A48	thumb	func_080D8A48
0x080D8A4C	thumb	func_080D8A4C
0x080D8A88	thumb	func_080D8A88
0x080D8AA4	thumb	func_080D8AA4
0x080D8AC8	thumb	func_080D8AC8
0x080D8AE0	thumb	func_080D8AE0
0x080D8AE4	thumb	func_080D8AE4
0x080D8B54	thumb	func_080D8B54
0x080D8B84	thumb	func_080D8B84
0x080D8EB4	thumb	func_080D8EB4
0x080D8F04	thumb	func_080D8F04
0x080D9A14	thumb	func_080D9A14
0x080D9A58	thumb	func_080D9A58
0x080D9A90	thumb	func_080D9A90
0x080D9AC4	thumb	func_080D9AC4
0x080D9B28	thumb	func_080D9B28
0x080D9B6C	thumb	func_080D9B6C
0x080D9B90	thumb	func_080D9B90
0x080D9D20	thumb	func_080D9D20
0x080DA2EC	thumb	func_080DA2EC
0x080DA3C4	thumb	func_080DA3C4
0x080DA42C	thumb	func_080DA42C
0x080DA4DC	thumb	func_080DA4DC
0x080DA508	thumb	func_080DA508
0x080DA5F8	thumb	func_080DA5F8
0x080DA678	thumb	func_080DA678
0x080DA710	thumb	func_080DA710
0x080DA73C	thumb	func_080DA73C
0x080DA75C	thumb	func_080DA75C
0x080DA7C0	thumb	func_080DA7C0
0x080DA954	thumb	func_080DA954
0x080DA9C8	thumb	func_080DA9C8
0x080DAA08	thumb	func_080DAA08
0x080DAA28	thumb	func_080DAA28
0x080DAA9C	thumb	func_080DAA9C
0x080DAB84	thumb	func_080DAB84
0x080DABB4	thumb	func_080DABB4
0x080DABF4	thumb	func_080DABF4
0x080DABF8	thumb	func_080DABF8
0x080DABFC	thumb	func_080DABFC
0x080DAC60	thumb	func_080DAC60
0x080DADF4	thumb	func_080DADF4
0x080DAF8C	thumb	func_080DAF8C
0x080DB020	thumb	func_080DB020
0x080DB04C	thumb	func_080DB04C
0x080DB0DC	thumb	func_080DB0DC
0x080DB210	thumb	func_080DB210
0x080DB314	thumb	func_080DB314
0x080DB404	thumb	func_080DB404
0x080DB428	thumb	func_080DB428
0x080DB438	thumb	func_080DB438
0x080DB468	thumb	func_080DB468
0x080DB510	thumb	func_080DB510
0x080DB578	thumb	func_080DB578
0x080DB684	thumb	func_080DB684
0x080DB690	thumb	func_080DB690
0x080DB6A8	thumb	func_080DB6A8
0x080DB758	thumb	func_080DB758
0x080DB8D4	thumb	func_080DB8D4
0x080DB954	thumb	func_080DB954
0x080DB978	thumb	func_080DB978
0x080DBA14	thumb	func_080DBA14
0x080DBC00	thumb	func_080DBC00
0x080DBC68	thumb	func_080DBC68
0x080DBCC0	thumb	func_080DBCC0
0x080DBCEC	thumb	func_080DBCEC
0x080DBD44	thumb	func_080DBD44
0x080DBDC0	thumb	func_080DBDC0
0x080DBDCA	thumb	func_080DBDCA
0x080DBDEC	thumb	func_080DBDEC
0x080DC0D2	thumb	func_080DC0D2
0x080DC510	thumb	func_080DC510
0x080DC528	thumb	func_080DC528
0x080DC544	thumb	func_080DC544
0x080DC578	thumb	func_080DC578
0x080DC5B0	thumb	func_080DC5B0
0x080DC5E8	thumb	func_080DC5E8
0x080DC628	thumb	func_080DC628
0x080DC640	thumb	func_080DC640
0x080DC72C	thumb	func_080DC72C
0x080DC8D4	thumb	func_080DC8D4
0x080DC8D8	thumb	func_080DC8D8
0x080DC910	thumb	func_080DC910
0x080DC914	thumb	func_080DC914
0x080DC9C4	thumb	func_080DC9C4
0x080DC9DC	thumb	func_080DC9DC
0x080DCA78	thumb	func_080DCA78
0x080DCA98	thumb	func_080DCA98
0x080DCBD4	thumb	func_080DCBD4
0x080DD148	thumb	func_080DD148
0x080DD1C4	thumb	func_080DD1C4
0x080DD1FC	thumb	func_080DD1FC
0x080DD210	thumb	func_080DD210
0x080DD230	thumb	func_080DD230
0x080DD248	thumb	func_080DD248
0x080DD2DC	thumb	func_080DD2DC
0x080DD3A8	thumb	func_080DD3A8
0x080DD408	thumb	func_080DD408
0x080DD44E	thumb	func_080DD44E
0x080DD4AC	thumb	func_080DD4AC
0x080DD4C4	thumb	func_080DD4C4
0x080DD4F0	thumb	func_080DD4F0
0x080DD684	thumb	func_080DD684
0x080DD690	thumb	func_080DD690
0x080DD69C	thumb	func_080DD69C
0x080DD754	thumb	func_080DD754
0x080DD794	thumb	func_080DD794
0x080DD7C4	thumb	func_080DD7C4
0x080DD854	thumb	func_080DD854
0x080DD8A8	thumb	func_080DD8A8
0x080DD8FC	thumb	func_080DD8FC
0x080DD958	thumb	func_080DD958
0x080DD998	thumb	func_080DD998
0x080DD9A4	thumb	func_080DD9A4
0x080DD9B0	thumb	func_080DD9B0
0x080DD9E8	thumb	func_080DD9E8
0x080DDAA4	thumb	func_080DDAA4
0x080DDC84	thumb	func_080DDC84
0x080DDD0C	thumb	func_080DDD0C
0x080DDD30	thumb	func_080DDD30
0x080DDD74	thumb	func_080DDD74
0x080DDDA4	thumb	func_080DDDA4
0x080DDDD4	thumb	func_080DDDD4
0x080DDDD8	thumb	func_080DDDD8
0x080DDDDC	thumb	func_080DDDDC
0x080DDDEC	thumb	func_080DDDEC
0x080DDE74	thumb	func_080DDE74
0x080DDEA0	thumb	func_080DDEA0
0x080DDEA4	thumb	func_080DDEA4
0x080DDEB0	thumb	func_080DDEB0
0x080DDEBC	thumb	func_080DDEBC
0x080DDEC8	thumb	func_080DDEC8
0x080DDF04	thumb	func_080DDF04
0x080DEBAC	thumb	func_080DEBAC
0x080DEBD8	thumb	func_080DEBD8
0x080DEC00	thumb	func_080DEC00
0x080DEC44	thumb	func_080DEC44
0x080DED64	thumb	func_080DED64
0x080DED98	thumb	func_080DED98
0x080DEDD8	thumb	func_080DEDD8
0x080DEE18	thumb	func_080DEE18
0x080DEE28	thumb	func_080DEE28
0x080DEE44	thumb	func_080DEE44
0x080DF048	thumb	func_080DF048
0x080DF244	thumb	func_080DF244
0x080DF380	thumb	func_080DF380
0x080DF480	thumb	func_080DF480
0x080DF51C	thumb	func_080DF51C
0x080DF548	thumb	func_080DF548
0x080DF570	thumb	func_080DF570
0x080DF5F4	thumb	func_080DF5F4
0x080DF640	thumb	func_080DF640
0x080DF6D0	thumb	func_080DF6D0
0x080DF730	thumb	func_080DF730
0x080DF750	thumb	func_080DF750
0x080DF814	thumb	func_080DF814
0x080DF828	thumb	func_080DF828
0x080DF8C0	thumb	func_080DF8C0
0x080DF964	thumb	func_080DF964
0x080DF990	thumb	func_080DF990
0x080DF9A8	thumb	func_080DF9A8
0x080DFA18	thumb	func_080DFA18
0x080DFA3C	thumb	func_080DFA3C
0x080DFAA8	thumb	func_080DFAA8
0x080DFAF4	thumb	func_080DFAF4
0x080DFB2C	thumb	func_080DFB2C
0x080DFB7C	thumb	func_080DFB7C
0x080DFB8C	thumb	func_080DFB8C
0x080DFBDC	thumb	func_080DFBDC
0x080DFC24	thumb	func_080DFC24
0x080DFCDC	thumb	func_080DFCDC
0x080DFE1C	thumb	func_080DFE1C
0x080DFEBC	thumb	func_080DFEBC
0x080DFF1C	thumb	func_080DFF1C
0x080DFF30	thumb	func_080DFF30
0x080DFF4C	thumb	func_080DFF4C
0x080DFF94	thumb	func_080DFF94
0x080E0298	thumb	func_080E0298
0x080E02A8	thumb	func_080E02A8
0x080E02C0	thumb	func_080E02C0
0x080E0418	thumb	func_080E0418
0x080E04EC	thumb	func_080E04EC
0x080E052C	thumb	func_080E052C
0x080E08BC	thumb	func_080E08BC
0x080E524C	thumb	func_080E524C
0x080E5354	thumb	func_080E5354
0x080E548C	thumb	func_080E548C
0x080E54A0	thumb	func_080E54A0
0x080E54B8	thumb	func_080E54B8
0x080E5510	thumb	func_080E5510
0x080E5590	thumb	func_080E5590
0x080E55A4	thumb	func_080E55A4
0x080E58F8	thumb	func_080E58F8
0x080E590C	thumb	func_080E590C
0x080E5938	thumb	func_080E5938
0x080E5968	thumb	func_080E5968
0x080E59D8	thumb	func_080E59D8
0x080E5AC8	thumb	func_080E5AC8
0x080E8644	thumb	func_080E8644
0x080E86C8	thumb	func_080E86C8
0x080E8724	thumb	func_080E8724
0x080E87EC	thumb	func_080E87EC
0x080E8864	thumb	func_080E8864
0x080E891C	thumb	func_080E891C
0x080E893C	thumb	func_080E893C
0x080E89E4	thumb	func_080E89E4
0x080E8A24	thumb	func_080E8A24
0x080E8AC8	thumb	func_080E8AC8
0x080E8B40	thumb	func_080E8B40
0x080E8B84	thumb	func_080E8B84
0x080E8BE4	thumb	func_080E8BE4
0x080E8C38	thumb	func_080E8C38
0x080E8C84	thumb	func_080E8C84
0x080E8D00	thumb	func_080E8D00
0x080E8D1C	thumb	func_080E8D1C
0x080E8E74	thumb	func_080E8E74
0x080E8F0C	thumb	func_080E8F0C
0x080E8F50	thumb	func_080E8F50
0x080E92B8	thumb	func_080E92B8
0x080E92F8	thumb	func_080E92F8
0x080E93FC	thumb	func_080E93FC
0x080E9508	thumb	func_080E9508
0x080E9550	thumb	func_080E9550
0x080E95C4	thumb	func_080E95C4
0x080E95E8	thumb	func_080E95E8
0x080E963C	thumb	func_080E963C
0x080E9AF0	thumb	func_080E9AF0
0x080E9B7C	thumb	func_080E9B7C
0x080E9CBC	thumb	func_080E9CBC
0x080E9D94	thumb	func_080E9D94
0x080E9E04	thumb	func_080E9E04
0x080E9E28	thumb	func_080E9E28
0x080E9E94	thumb	func_080E9E94
0x080EA498	thumb	func_080EA498
0x080EA5A8	thumb	func_080EA5A8
0x080EA5CC	thumb	func_080EA5CC
0x080EA694	thumb	func_080EA694
0x080EA730	thumb	func_080EA730
0x080EA78C	thumb	func_080EA78C
0x080EA7D8	thumb	func_080EA7D8
0x080EA7FC	thumb	func_080EA7FC
0x080EB1AC	thumb	func_080EB1AC
0x080EB1F4	thumb	func_080EB1F4
0x080EB27C	thumb	func_080EB27C
0x080EB2D0	thumb	func_080EB2D0
0x080EBE44	thumb	func_080EBE44
0x080EBE90	thumb	func_080EBE90
0x080EBEC8	thumb	func_080EBEC8
0x080EBFB8	thumb	func_080EBFB8
0x080EBFF8	thumb	func_080EBFF8
0x080EC04C	thumb	func_080EC04C
0x080EC500	thumb	func_080EC500
0x080EC544	thumb	func_080EC544
0x080ECAC8	thumb	func_080ECAC8
0x080ECBC8	thumb	func_080ECBC8
0x080ECC54	thumb	func_080ECC54
0x080ED35C	thumb	func_080ED35C
0x080ED498	thumb	func_080ED498
0x080ED6CC	thumb	func_080ED6CC
0x080ED7CC	thumb	func_080ED7CC
0x080ED91C	thumb	func_080ED91C
0x080EDA90	thumb	func_080EDA90
0x080EDB4C	thumb	func_080EDB4C
0x080EDC38	thumb	func_080EDC38
0x080EDC94	thumb	func_080EDC94
0x080EDD7C	thumb	func_080EDD7C
0x080EE7B0	thumb	func_080EE7B0
0x080EE824	thumb	func_080EE824
0x080EEB00	thumb	func_080EEB00
0x080EEC5C	thumb	func_080EEC5C
0x080EEC9C	thumb	func_080EEC9C
0x080EED44	thumb	func_080EED44
0x080EF508	thumb	func_080EF508
0x080EF58C	thumb	func_080EF58C
0x080EF664	thumb	func_080EF664
0x080EF718	thumb	func_080EF718
0x080EF7B8	thumb	func_080EF7B8
0x080EF84C	thumb	func_080EF84C
0x080EF88C	thumb	func_080EF88C
0x080EF8CC	thumb	func_080EF8CC
0x080EFC08	thumb	func_080EFC08
0x080EFCF4	thumb	func_080EFCF4
0x080EFE54	thumb	func_080EFE54
0x080EFE94	thumb	func_080EFE94
0x080EFFF8	thumb	func_080EFFF8
0x080F02A0	thumb	func_080F02A0
0x080F0348	thumb	func_080F0348
0x080F0470	thumb	func_080F0470
0x080F07EC	thumb	func_080F07EC
0x080F08E4	thumb	func_080F08E4
0x080F0A44	thumb	func_080F0A44
0x080F0A84	thumb	func_080F0A84
0x080F0BE8	thumb	func_080F0BE8
0x080F0C68	thumb	func_080F0C68
0x080F0D00	thumb	func_080F0D00
0x080F0D40	thumb	func_080F0D40
0x080F0E6C	thumb	func_080F0E6C
0x080F0EEC	thumb	func_080F0EEC
0x080F0F84	thumb	func_080F0F84
0x080F0FC4	thumb	func_080F0FC4
0x080F1124	thumb	func_080F1124
0x080F117C	thumb	func_080F117C
0x080F1274	thumb	func_080F1274
0x080F1460	thumb	func_080F1460
0x080F14C4	thumb	func_080F14C4
0x080F1544	thumb	func_080F1544
0x080F173C	thumb	func_080F173C
0x080F1978	thumb	func_080F1978
0x080F1A10	thumb	func_080F1A10
0x080F1A84	thumb	func_080F1A84
0x080F1C64	thumb	func_080F1C64
0x080F1E28	thumb	func_080F1E28
0x080F207C	thumb	func_080F207C
0x080F2130	thumb	func_080F2130
0x080F230C	thumb	func_080F230C
0x080F238C	thumb	func_080F238C
0x080F2594	thumb	func_080F2594
0x080F25FC	thumb	func_080F25FC
0x080F2654	thumb	func_080F2654
0x080F285C	thumb	func_080F285C
0x080F28F4	thumb	func_080F28F4
0x080F2AF4	thumb	func_080F2AF4
0x080F2B78	thumb	func_080F2B78
0x080F2D90	thumb	func_080F2D90
0x080F2E4C	thumb	func_080F2E4C
0x080F3050	thumb	func_080F3050
0x080F30C4	thumb	func_080F30C4
0x080F3108	thumb	func_080F3108
0x080F32F4	thumb	func_080F32F4
0x080F3384	thumb	func_080F3384
0x080F35C0	thumb	func_080F35C0
0x080F3638	thumb	func_080F3638
0x080F3674	thumb	func_080F3674
0x080F3A74	thumb	func_080F3A74
0x080F3ADC	thumb	func_080F3ADC
0x080F3B84	thumb	func_080F3B84
0x080F3E24	thumb	func_080F3E24
0x080F3F6C	thumb	func_080F3F6C
0x080F4140	thumb	func_080F4140
0x080F41A4	thumb	func_080F41A4
0x080F4224	thumb	func_080F4224
0x080F4258	thumb	func_080F4258
0x080F445C	thumb	func_080F445C
0x080F44AC	thumb	func_080F44AC
0x080F46FC	thumb	func_080F46FC
0x080F47B4	thumb	func_080F47B4
0x080F47DC	thumb	func_080F47DC
0x080F49D0	thumb	func_080F49D0
0x080F4BA0	thumb	func_080F4BA0
0x080F4FB0	thumb	func_080F4FB0
0x080F51A0	thumb	func_080F51A0
0x080F52D4	thumb	func_080F52D4
0x080F534C	thumb	func_080F534C
0x080F5800	thumb	func_080F5800
0x080F5820	thumb	func_080F5820
0x080F5C60	thumb	func_080F5C60
0x080F5CDC	thumb	func_080F5CDC
0x080F5F88	thumb	func_080F5F88
0x080F6004	thumb	func_080F6004
0x080F62B0	thumb	func_080F62B0
0x080F6314	thumb	func_080F6314
0x080F65EC	thumb	func_080F65EC
0x080F6634	thumb	func_080F6634
0x080F6668	thumb	func_080F6668
0x080F66E0	thumb	func_080F66E0
0x080F6A60	thumb	func_080F6A60
0x080F6AD8	thumb	func_080F6AD8
0x080F6D70	thumb	func_080F6D70
0x080F6DE8	thumb	func_080F6DE8
0x080F6EBC	thumb	func_080F6EBC
0x080F6F1C	thumb	func_080F6F1C
0x080F6F90	thumb	func_080F6F90
0x080F6FC4	thumb	func_080F6FC4
0x080F7024	thumb	func_080F7024
0x080F70F4	thumb	func_080F70F4
0x080F7160	thumb	func_080F7160
0x080F71AC	thumb	func_080F71AC
0x080F7284	thumb	func_080F7284
0x080F74E8	thumb	func_080F74E8
0x080F753C	thumb	func_080F753C
0x080F7594	thumb	func_080F7594
0x080F75E4	thumb	func_080F75E4
0x080F7BF8	thumb	func_080F7BF8
0x080F7C8C	thumb	func_080F7C8C
0x080F7D44	thumb	func_080F7D44
0x080F7DB0	thumb	func_080F7DB0
0x080F7DD8	thumb	func_080F7DD8
0x080F7E0C	thumb	func_080F7E0C
0x080F7E84	thumb	func_080F7E84
0x080F7F54	thumb	func_080F7F54
0x080F7F70	thumb	func_080F7F70
0x080F7F94	thumb	func_080F7F94
0x080F7FAC	thumb	func_080F7FAC
0x080F7FC8	thumb	func_080F7FC8
0x080F7FE4	thumb	func_080F7FE4
0x080F800C	thumb	func_080F800C
0x080F80C0	thumb	func_080F80C0
0x080F80FC	thumb	func_080F80FC
0x080F8374	thumb	func_080F8374
0x080F83BC	thumb	func_080F83BC
0x080F83E0	thumb	func_080F83E0
0x080F854C	thumb	func_080F854C
0x080FB000	thumb	func_080FB000
0x080FB608	thumb	func_080FB608
0x080FB718	thumb	func_080FB718
0x080FB86C	thumb	func_080FB86C
0x080FB890	thumb	func_080FB890
0x080FB8DC	thumb	func_080FB8DC
0x080FB8E8	thumb	func_080FB8E8
0x080FB908	thumb	func_080FB908
0x080FB930	thumb	func_080FB930
0x080FBA14	thumb	func_080FBA14
0x080FBA4C	thumb	func_080FBA4C
0x080FBA9C	thumb	func_080FBA9C
0x080FBAB8	thumb	func_080FBAB8
0x080FC29C	thumb	func_080FC29C
0x080FC360	thumb	func_080FC360
0x080FC3FC	thumb	func_080FC3FC
0x080FC444	thumb	func_080FC444
0x080FC6D4	thumb	func_080FC6D4
0x080FC8B0	thumb	func_080FC8B0
0x080FCA28	thumb	func_080FCA28
0x080FCABC	thumb	func_080FCABC
0x080FCB30	thumb	func_080FCB30
0x080FCC14	thumb	func_080FCC14
0x080FCCB4	thumb	func_080FCCB4
0x080FCF78	thumb	func_080FCF78
0x080FD154	thumb	func_080FD154
0x080FD2C8	thumb	func_080FD2C8
0x080FD314	thumb	func_080FD314
0x080FD3F0	thumb	func_080FD3F0
0x080FD41C	thumb	func_080FD41C
0x080FD4BC	thumb	func_080FD4BC
0x080FD698	thumb	func_080FD698
0x080FD7F0	thumb	func_080FD7F0
0x080FD824	thumb	func_080FD824
0x080FD8D4	thumb	func_080FD8D4
0x080FD930	thumb	func_080FD930
0x080FD9A0	thumb	func_080FD9A0
0x080FD9B8	thumb	func_080FD9B8
0x080FDA28	thumb	func_080FDA28
0x080FDA98	thumb	func_080FDA98
0x080FDB1C	thumb	func_080FDB1C
0x080FE458	thumb	func_080FE458
0x080FE47C	thumb	func_080FE47C
0x080FE854	thumb	func_080FE854
0x080FE89C	thumb	func_080FE89C
0x080FE900	thumb	func_080FE900
0x080FF10C	thumb	func_080FF10C
0x080FF19C	thumb	func_080FF19C
0x080FF228	thumb	func_080FF228
0x080FF25C	thumb	func_080FF25C
0x080FF2B8	thumb	func_080FF2B8
0x080FF310	thumb	func_080FF310
0x080FF8CC	thumb	func_080FF8CC
0x080FFC0C	thumb	func_080FFC0C
0x081002B8	thumb	func_081002B8
0x08100448	thumb	func_08100448
0x081004EC	thumb	func_081004EC
0x0810057C	thumb	func_0810057C
0x08100608	thumb	func_08100608
0x0810063C	thumb	func_0810063C
0x08100670	thumb	func_08100670
0x0810068C	thumb	func_0810068C
0x08100980	thumb	func_08100980
0x08100C7C	thumb	func_08100C7C
0x081012FC	thumb	func_081012FC
0x08101474	thumb	func_08101474
0x08101518	thumb	func_08101518
0x08101528	thumb	func_08101528
0x08101538	thumb	func_08101538
0x0810155C	thumb	func_0810155C
0x08101588	thumb	func_08101588
0x081015E8	thumb	func_081015E8
0x08101654	thumb	func_08101654
0x08101740	thumb	func_08101740
0x08101970	thumb	func_08101970
0x08101C48	thumb	func_08101C48
0x08101FF4	thumb	func_08101FF4
0x08102500	thumb	func_08102500
0x081025AC	thumb	func_081025AC
0x081025D4	thumb	func_081025D4
0x08102610	thumb	func_08102610
0x0810264C	thumb	func_0810264C
0x08102688	thumb	func_08102688
0x081026C4	thumb	func_081026C4
0x08102728	thumb	func_08102728
0x08102774	thumb	func_08102774
0x081027B4	thumb	func_081027B4
0x081028F8	thumb	func_081028F8
0x08102984	thumb	func_08102984
0x08102A94	thumb	func_08102A94
0x08102AB4	thumb	func_08102AB4
0x08102DC8	thumb	func_08102DC8
0x08102F30	thumb	func_08102F30
0x081032B6	thumb	func_081032B6
0x08103C4E	thumb	func_08103C4E
0x08103CD8	thumb	func_08103CD8
0x08103D54	thumb	func_08103D54
0x08103F3C	thumb	func_08103F3C
0x08103F94	thumb	func_08103F94
0x08104286	thumb	func_08104286
0x08104404	thumb	func_08104404
0x08104A84	thumb	func_08104A84
0x08104AA4	thumb	func_08104AA4
0x08104AEC	thumb	func_08104AEC
0x08104B2C	thumb	func_08104B2C
0x08104B48	thumb	func_08104B48
0x08104BBC	thumb	func_08104BBC
0x08104D18	thumb	func_08104D18
0x08104E9C	thumb	func_08104E9C
0x08104EB4	thumb	func_08104EB4
0x08104ED8	thumb	func_08104ED8
0x08104F2C	thumb	func_08104F2C
0x08104FA4	thumb	func_08104FA4
0x08104FF8	thumb	func_08104FF8
0x08105090	thumb	func_08105090
0x081052C8	thumb	func_081052C8
0x08105334	thumb	func_08105334
0x08105404	thumb	func_08105404
0x08105440	thumb	func_08105440
0x08105464	thumb	func_08105464
0x081054D0	thumb	func_081054D0
0x081055E8	thumb	func_081055E8
0x0810563C	thumb	func_0810563C
0x0810592C	thumb	func_0810592C
0x0810594C	thumb	func_0810594C
0x08105D24	thumb	func_08105D24
0x08106234	thumb	func_08106234
0x081068E0	thumb	func_081068E0
0x08106E30	thumb	func_08106E30
0x08106F90	thumb	func_08106F90
0x0810712C	thumb	func_0810712C
0x0810714C	thumb	func_0810714C
0x0810718C	thumb	func_0810718C
0x081071AC	thumb	func_081071AC
0x08107220	thumb	func_08107220
0x08107268	thumb	func_08107268
0x08107280	thumb	func_08107280
0x081073F0	thumb	func_081073F0
0x081075C0	thumb	func_081075C0
0x081075D8	thumb	func_081075D8
0x081075FC	thumb	func_081075FC
0x0810764C	thumb	func_0810764C
0x081076D4	thumb	func_081076D4
0x081078F0	thumb	func_081078F0
0x08107938	thumb	func_08107938
0x081079A8	thumb	func_081079A8
0x081079E4	thumb	func_081079E4
0x08107A08	thumb	func_08107A08
0x08107A74	thumb	func_08107A74
0x08107B84	thumb	func_08107B84
0x08107D24	thumb	func_08107D24
0x08108170	thumb	func_08108170
0x08108650	thumb	func_08108650
0x08108830	arm	func_08108830
0x08108CE8	thumb	func_08108CE8
0x081091CC	thumb	func_081091CC
0x08109378	thumb	func_08109378
0x0810951C	thumb	func_0810951C
0x08109590	thumb	func_08109590
0x081095CC	thumb	func_081095CC
0x08109614	thumb	func_08109614
0x08109620	thumb	func_08109620
0x0810962C	thumb	func_0810962C
0x08109638	thumb	func_08109638
0x08109644	thumb	func_08109644
0x081097F4	thumb	func_081097F4
0x08109958	thumb	func_08109958
0x08109AA0	thumb	func_08109AA0
0x08109EB0	thumb	func_08109EB0
0x08109ECC	thumb	func_08109ECC
0x08109EF8	thumb	func_08109EF8
0x08109F20	thumb	func_08109F20
0x08109FF0	thumb	func_08109FF0
0x0810A000	thumb	func_0810A000
0x0810A018	thumb	func_0810A018
0x0810A424	thumb	func_0810A424
0x0810A444	thumb	func_0810A444
0x0810A454	thumb	func_0810A454
0x0810A498	thumb	func_0810A498
0x0810A4C4	thumb	func_0810A4C4
0x0810A4CC	thumb	func_0810A4CC
0x0810A51C	thumb	func_0810A51C
0x0810A580	thumb	func_0810A580
0x0810A850	thumb	func_0810A850
0x0810A914	thumb	func_0810A914
0x0810B080	thumb	func_0810B080
0x0810B2E8	thumb	func_0810B2E8
0x0810B2FC	thumb	func_0810B2FC
0x0810B350	thumb	func_0810B350
0x0810B378	thumb	func_0810B378
0x0810B3E4	thumb	func_0810B3E4
0x0810B40C	thumb	func_0810B40C
0x0810B434	thumb	func_0810B434
0x0810B49C	thumb	func_0810B49C
0x0810B4A8	thumb	func_0810B4A8
0x0810B4B4	thumb	func_0810B4B4
0x0810B4F4	thumb	func_0810B4F4
0x0810B51C	thumb	func_0810B51C
0x0810B524	thumb	func_0810B524
0x0810B5D8	thumb	func_0810B5D8
0x0810B6FC	thumb	func_0810B6FC
0x0810B7AC	thumb	func_0810B7AC
0x0810B7E8	thumb	func_0810B7E8
0x0810B800	thumb	func_0810B800
0x0810B844	thumb	func_0810B844
0x0810BAE4	thumb	func_0810BAE4
0x0810BCD4	thumb	func_0810BCD4
0x0810BD1C	thumb	func_0810BD1C
0x0810BDCC	thumb	func_0810BDCC
0x0810BE30	thumb	func_0810BE30
0x0810BEF8	thumb	func_0810BEF8
0x0810BF24	thumb	func_0810BF24
0x0810BF2C	thumb	func_0810BF2C
0x0810BFA0	thumb	func_0810BFA0
0x0810C03C	thumb	func_0810C03C
0x0810C29C	thumb	func_0810C29C
0x0810C2C4	thumb	func_0810C2C4
0x0810FE94	thumb	func_0810FE94
0x0810FEDC	thumb	func_0810FEDC
0x0810FF7C	thumb	func_0810FF7C
0x08110058	thumb	func_08110058
0x081100C0	thumb	func_081100C0
0x08110648	thumb	func_08110648
0x0811064C	thumb	func_0811064C
0x0811067C	thumb	func_0811067C
0x081106E0	thumb	func_081106E0
0x08110810	thumb	func_08110810
0x08110884	thumb	func_08110884
0x081108AC	thumb	func_081108AC
0x08110A38	thumb	func_08110A38
0x08110A98	thumb	func_08110A98
0x08110B10	thumb	func_08110B10
0x08110B40	thumb	func_08110B40
0x08110C9C	thumb	func_08110C9C
0x08110D10	thumb	func_08110D10
0x0811145C	thumb	func_0811145C
0x08111534	thumb	func_08111534
0x08111678	thumb	func_08111678
0x081116D0	thumb	func_081116D0
0x08111728	thumb	func_08111728
0x08111870	thumb	func_08111870
0x081119E0	thumb	func_081119E0
0x08111A1C	thumb	func_08111A1C
0x08111A7C	thumb	func_08111A7C
0x08111B54	thumb	func_08111B54
0x08111BDC	thumb	func_08111BDC
0x08111C04	thumb	func_08111C04
0x08111E04	thumb	func_08111E04
0x08111E9C	thumb	func_08111E9C
0x08111F14	thumb	func_08111F14
0x08111F60	thumb	func_08111F60
0x08111F98	thumb	func_08111F98
0x08112010	thumb	func_08112010
0x081122F0	thumb	func_081122F0
0x081123F8	thumb	func_081123F8
0x08112420	thumb	func_08112420
0x081124C4	thumb	func_081124C4
0x08112514	thumb	func_08112514
0x0811259C	thumb	func_0811259C
0x081125BC	thumb	func_081125BC
0x081125D8	thumb	func_081125D8
0x08112600	thumb	func_08112600
0x081126A8	thumb	func_081126A8
0x08112768	thumb	func_08112768
0x08112B3C	thumb	func_08112B3C
0x08112C24	thumb	func_08112C24
0x08112C38	thumb	func_08112C38
0x08114324	thumb	func_08114324
0x08114714	thumb	func_08114714
0x08114758	thumb	func_08114758
0x08114874	thumb	func_08114874
0x081148D4	thumb	func_081148D4
0x08114990	thumb	func_08114990
0x081149B8	thumb	func_081149B8
0x081149F4	thumb	func_081149F4
0x08114A4C	thumb	func_08114A4C
0x08114B84	thumb	func_08114B84
0x08114BFC	thumb	func_08114BFC
0x08114C24	thumb	func_08114C24
0x08114C98	thumb	func_08114C98
0x08114CC8	thumb	func_08114CC8
0x08114D14	thumb	func_08114D14
0x08114F44	thumb	func_08114F44
0x081150A8	thumb	func_081150A8
0x08115124	thumb	func_08115124
0x08115160	thumb	func_08115160
0x08115180	thumb	func_08115180
0x08115224	thumb	func_08115224
0x08115244	thumb	func_08115244
0x08115284	thumb	func_08115284
0x081152A4	thumb	func_081152A4
0x081152D4	thumb	func_081152D4
0x08115314	thumb	func_08115314
0x08115484	thumb	func_08115484
0x0811589C	thumb	func_0811589C
0x08115E24	thumb	func_08115E24
0x08115F34	thumb	func_08115F34
0x08115F8C	thumb	func_08115F8C
0x08116008	thumb	func_08116008
0x08116034	thumb	func_08116034
0x081160EC	thumb	func_081160EC
0x0811614C	thumb	func_0811614C
0x081161D4	thumb	func_081161D4
0x081161DC	thumb	func_081161DC
0x081161EC	thumb	func_081161EC
0x08116204	thumb	func_08116204
0x08116228	thumb	func_08116228
0x08116254	thumb	func_08116254
0x08116268	thumb	func_08116268
0x0811627C	thumb	func_0811627C
0x081162E8	thumb	func_081162E8
0x081163CC	thumb	func_081163CC
0x08116500	thumb	func_08116500
0x08116644	thumb	func_08116644
0x08116698	thumb	func_08116698
0x081167D0	thumb	func_081167D0
0x081167F8	thumb	func_081167F8
0x0811683C	thumb	func_0811683C
0x08116AD8	thumb	func_08116AD8
0x08116B10	thumb	func_08116B10
0x08116B1C	thumb	func_08116B1C
0x08116CDC	thumb	func_08116CDC
0x08116CEC	thumb	func_08116CEC
0x08116E00	thumb	func_08116E00
0x08116E60	thumb	func_08116E60
0x08116E80	thumb	func_08116E80
0x08116E8C	thumb	func_08116E8C
0x08116E98	thumb	func_08116E98
0x08116ECC	thumb	func_08116ECC
0x08116F08	thumb	func_08116F08
0x08116F20	thumb	func_08116F20
0x08116F28	thumb	func_08116F28
0x08116F30	thumb	func_08116F30
0x08116F64	thumb	func_08116F64
0x08116FE4	thumb	func_08116FE4
0x08117044	thumb	func_08117044
0x0811704C	thumb	func_0811704C
0x08117058	thumb	func_08117058
0x08117064	thumb	func_08117064
0x081170C0	thumb	func_081170C0
0x08117154	thumb	func_08117154
0x08117170	thumb	func_08117170
0x08117194	thumb	func_08117194
0x08117284	thumb	func_08117284
0x08117674	thumb	func_08117674
0x08117A4C	thumb	func_08117A4C
0x08117E44	thumb	func_08117E44
0x08117F5C	thumb	func_08117F5C
0x08117FE0	thumb	func_08117FE0
0x08117FE4	thumb	func_08117FE4
0x08117FE8	thumb	func_08117FE8
0x08117FF0	thumb	func_08117FF0
0x08118008	thumb	func_08118008
0x0811800C	thumb	func_0811800C
0x08118014	thumb	func_08118014
0x08118054	thumb	func_08118054
0x08118094	thumb	func_08118094
0x081180E0	thumb	func_081180E0
0x0811817C	thumb	func_0811817C
0x081181BC	thumb	func_081181BC
0x081181EC	thumb	func_081181EC
0x08118344	thumb	func_08118344
0x08118538	thumb	func_08118538
0x08118578	thumb	func_08118578
0x081185B0	thumb	func_081185B0
0x081185CC	thumb	func_081185CC
0x08118630	thumb	func_08118630
0x0811865C	thumb	func_0811865C
0x08118ADC	thumb	func_08118ADC
0x08118C34	thumb	func_08118C34
0x08118EEC	thumb	func_08118EEC
0x08118F7C	thumb	func_08118F7C
0x0811904C	thumb	func_0811904C
0x08119224	thumb	func_08119224
0x081192B0	thumb	func_081192B0
0x081192E8	thumb	func_081192E8
0x08119480	thumb	func_08119480
0x0811950C	thumb	func_0811950C
0x08119654	thumb	func_08119654
0x08119670	thumb	func_08119670
0x0811968C	thumb	func_0811968C
0x08119714	arm	func_08119714
0x0811CDE4	arm	func_0811CDE4
0x0811D1B0	thumb	func_0811D1B0
0x0811D348	thumb	func_0811D348
0x0811D408	thumb	func_0811D408
0x0811D4B4	thumb	func_0811D4B4
0x0811D4CC	thumb	func_0811D4CC
0x0811D4FC	thumb	func_0811D4FC
0x0811D518	thumb	func_0811D518
0x0811D550	thumb	func_0811D550
0x0811D57C	thumb	func_0811D57C
0x0811D5B0	thumb	func_0811D5B0
0x0811D5B4	thumb	func_0811D5B4
0x0811D5B8	thumb	func_0811D5B8
0x0811D5BC	thumb	func_0811D5BC
0x0811D5C0	thumb	func_0811D5C0
0x0811D5C4	thumb	func_0811D5C4
0x0811D5EC	thumb	func_0811D5EC
0x0811D680	thumb	func_0811D680
0x0811D684	thumb	func_0811D684
0x0811D754	thumb	func_0811D754
0x0811D7CC	thumb	func_0811D7CC
0x0811D88C	thumb	func_0811D88C
0x0811D944	thumb	func_0811D944
0x0811D9C0	thumb	func_0811D9C0
0x0811DB3C	thumb	func_0811DB3C
0x0811DB9C	thumb	func_0811DB9C
0x0811DD00	thumb	func_0811DD00
0x0811DDEC	thumb	func_0811DDEC
0x0811DF88	thumb	func_0811DF88
0x0811DFD0	thumb	func_0811DFD0
0x0811E0A8	thumb	func_0811E0A8
0x0811E108	thumb	func_0811E108
0x0811E1D8	thumb	func_0811E1D8
0x0811F030	thumb	func_0811F030
0x0811F090	thumb	func_0811F090
0x0811F0E4	thumb	func_0811F0E4
0x0811F140	thumb	func_0811F140
0x0811F150	thumb	func_0811F150
0x0811F572	thumb	func_0811F572
0x0811F578	thumb	func_0811F578
0x0811F5E8	thumb	func_0811F5E8
0x0811F602	thumb	func_0811F602
0x0811FA18	thumb	func_0811FA18
0x0811FA28	thumb	func_0811FA28
0x0811FA74	thumb	func_0811FA74
0x0811FAA4	thumb	func_0811FAA4
0x0811FCA4	thumb	func_0811FCA4
0x0811FD40	thumb	func_0811FD40
0x0811FDA8	thumb	func_0811FDA8
0x0811FDC8	thumb	func_0811FDC8
0x0811FDEC	thumb	func_0811FDEC
0x0811FE70	thumb	func_0811FE70
0x0811FF3C	thumb	func_0811FF3C
0x0811FFA4	thumb	func_0811FFA4
0x08120008	thumb	func_08120008
0x08120068	thumb	func_08120068
0x081200D0	thumb	func_081200D0
0x081201EC	thumb	func_081201EC
0x08120200	thumb	func_08120200
0x08120214	thumb	func_08120214
0x0812030C	thumb	func_0812030C
0x08120378	thumb	func_08120378
0x08120460	thumb	func_08120460
0x081204E0	thumb	func_081204E0
0x081205D8	thumb	func_081205D8
0x08120650	thumb	func_08120650
0x08120734	thumb	func_08120734
0x08120774	thumb	func_08120774
0x0812083C	thumb	func_0812083C
0x081208F0	thumb	func_081208F0
0x08120998	thumb	func_08120998
0x081209EC	thumb	func_081209EC
0x08120A54	thumb	func_08120A54
0x08120EF8	thumb	func_08120EF8
0x0812103C	thumb	func_0812103C
0x08121148	thumb	func_08121148
0x081212A0	thumb	func_081212A0
0x081213C4	thumb	func_081213C4
0x081213CC	thumb	func_081213CC
0x081213D4	thumb	func_081213D4
